File,Annotation,Source_Link,Title,Subset
women01,1,https://www.bilibili.com/video/BV1eh411Q7x9/?spm_id_from=333.788.recommend_more_video.1&vd_source=6374cb49b8a20f29e86ab9de12471afa,“你很优秀，可惜是个女的”,train
women02,1,https://www.bilibili.com/video/BV1mA41157yU/?spm_id_from=trigger_reload&vd_source=6374cb49b8a20f29e86ab9de12471afa,“重男轻女”不是歧视女性，对不对？（谢作诗）,train
women03,1,https://www.bilibili.com/video/BV1GW411V7Bw/?spm_id_from=333.337.search-card.all.click&vd_source=6374cb49b8a20f29e86ab9de12471afa,《红粉惊魂》：这部为女权呐喊的电影，所有男人都应该看一遍！,train
women04,1,https://www.bilibili.com/video/BV1ZnTFeHEtH/?spm_id_from=333.337.search-card.all.click&vd_source=6374cb49b8a20f29e86ab9de12471afa,被嘲笑的妇女,train
women05,1,https://www.bilibili.com/video/BV1st4y1b7vA/?spm_id_from=333.337.search-card.all.click&vd_source=6374cb49b8a20f29e86ab9de12471afa,女孩遭职场PUA，最后以暴制暴，一部让职场人看完瑟瑟发抖的电影,train
women06,1,https://www.bilibili.com/video/BV1fT411d7Ka/?spm_id_from=333.337.search-card.all.click&vd_source=6374cb49b8a20f29e86ab9de12471afa,国剧终于拍出了坐月子的崩溃！产后种种压力还被苛责，逼的想轻生！产后抑郁真实了！,train
women07,0,https://www.bilibili.com/video/BV11u4y1Y7Zw/?spm_id_from=333.337.search-card.all.click&vd_source=6374cb49b8a20f29e86ab9de12471afa,谢娜谈产后抑郁，能拯救的只有你自己 剪辑,train
women08,1,https://www.bilibili.com/video/BV1Au4y1T77A/?spm_id_from=333.337.search-card.all.click&vd_source=6374cb49b8a20f29e86ab9de12471afa,产后抑郁是如何毁掉一个妈妈的？希望我们都能对妈妈多一点理解和保护。,train
women09,0,https://www.bilibili.com/video/BV1Rq4y187se/?spm_id_from=333.337.search-card.all.click&vd_source=6374cb49b8a20f29e86ab9de12471afa,产后抑郁，跳楼自杀，她会后悔吗,test
women10,0,https://www.bilibili.com/video/BV1oM4y167Uz/?spm_id_from=333.788.recommend_more_video.0&vd_source=6374cb49b8a20f29e86ab9de12471afa,以为生完孩子就结束了，没想到才刚开始…,train
women11,0,https://www.bilibili.com/video/BV1Dm421g7oc/?spm_id_from=333.337.search-card.all.click&vd_source=6374cb49b8a20f29e86ab9de12471afa,产后抑郁不是作，用中医调理产后抑郁的故事【真实临床故事】,train
women12,0,https://www.bilibili.com/video/BV1az4y1N7q8/?spm_id_from=333.337.search-card.all.click&vd_source=6374cb49b8a20f29e86ab9de12471afa,一些产后老公能帮忙做的事情,train
women13,1,###Privacy Limitation###,###Privacy Limitation###,test
women14,1,https://www.bilibili.com/video/BV1nF4m1376A/?spm_id_from=333.337.search-card.all.click&vd_source=6374cb49b8a20f29e86ab9de12471afa,妻子产后抑郁轻生，崩溃只在一瞬间,test
women15,0,https://www.bilibili.com/video/BV1Jt4y1F7xh/?spm_id_from=333.337.search-card.all.click&vd_source=6374cb49b8a20f29e86ab9de12471afa,妻子产后情绪低落流泪，丈夫带娃做饭豪横给卡，贴心准备意外惊喜,train
women16,1,https://www.bilibili.com/video/BV1284y1a7wZ/?spm_id_from=333.337.search-card.all.click&vd_source=6374cb49b8a20f29e86ab9de12471afa,女子产后抑郁面临崩溃，老公婆婆都不关心,train
women17,0,https://www.bilibili.com/video/BV1HJ411X7Nx/?spm_id_from=333.337.search-card.all.click&vd_source=6374cb49b8a20f29e86ab9de12471afa,3分钟读懂《反家庭暴力法》,train
women18,1,https://www.bilibili.com/video/BV1sD4y1m7h2/?spm_id_from=333.337.search-card.all.click&vd_source=6374cb49b8a20f29e86ab9de12471afa,家庭暴力只有第一次和无数次！,train
women19,1,https://www.bilibili.com/video/BV1t7411U76r/?spm_id_from=333.337.search-card.all.click&vd_source=6374cb49b8a20f29e86ab9de12471afa,悄悄问一下，这算家庭暴力吗,train
women20,0,https://www.bilibili.com/video/BV1ynYkeNEVD/?spm_id_from=333.337.search-card.all.click&vd_source=6374cb49b8a20f29e86ab9de12471afa,贤和公益普法视频第八十二期：关于家庭暴力，你应了解的法律常识,train
women21,0,https://www.bilibili.com/video/BV1TK4y1L7Vr/?spm_id_from=333.337.search-card.all.click&vd_source=6374cb49b8a20f29e86ab9de12471afa,关爱妇女儿童工作公益微电影,train
women22,0,https://www.bilibili.com/video/BV1Gh411r7LK/?spm_id_from=333.337.search-card.all.click&vd_source=6374cb49b8a20f29e86ab9de12471afa,彭丽媛向上海合作组织妇女教育与减贫论坛发表视频致辞,train
women23,0,https://www.bilibili.com/video/BV1br4y1p7Mg/?spm_id_from=333.337.search-card.all.click&vd_source=6374cb49b8a20f29e86ab9de12471afa,宣教士帮助妇女停止缠足和接受教育,train
women24,0,https://www.bilibili.com/video/BV1eu4y1n7LS/?spm_id_from=333.337.search-card.all.click&vd_source=6374cb49b8a20f29e86ab9de12471afa,总台CGTN女童和妇女教育主题纪录片《她上学去了》第一集即将推出,train
women25,1,https://www.bilibili.com/video/BV1zT4y1r7Pn/?spm_id_from=333.337.search-card.all.click&vd_source=6374cb49b8a20f29e86ab9de12471afa,俞敏洪：因为“妇女言论”，我被妇联找去谈话，但我没有怪任何人！,test
women26,0,https://www.bilibili.com/video/BV1y84y1Y7tT/?spm_id_from=333.337.search-card.all.click&vd_source=6374cb49b8a20f29e86ab9de12471afa,“愿所有女性都能受教育，有选择人生的权利！”,train
women27,0,https://www.bilibili.com/video/BV1nf421X7Py/?spm_id_from=333.337.search-card.all.click&vd_source=6374cb49b8a20f29e86ab9de12471afa,抢劫犯进妇女家，没想到一个劫匪不讲规矩强健了妇女，最后得到了报应。,test
women28,0,https://www.bilibili.com/video/BV1CW411W7zq/?spm_id_from=333.337.search-card.all.click&vd_source=6374cb49b8a20f29e86ab9de12471afa,（超燃）不该被替换的“妇女”：看看100年前妇女如何改变了世界,train
women29,0,https://www.bilibili.com/video/BV1zJ411q76K/?spm_id_from=333.337.search-card.all.click&vd_source=6374cb49b8a20f29e86ab9de12471afa,妇女节视频,train
women30,0,https://www.bilibili.com/video/BV16j411g7DP/?spm_id_from=333.337.search-card.all.click&vd_source=6374cb49b8a20f29e86ab9de12471afa,“女孩受高等教育，可以救三代人”|三八妇女节特辑——张桂梅,train
women31,0,https://www.bilibili.com/video/BV1XN4y1y7oY/?spm_id_from=autoNext&vd_source=6374cb49b8a20f29e86ab9de12471afa,张桂梅】｜“潺潺流水终于穿过了群山一座座，好像多年之后你依然执着”,train
women32,0,https://www.bilibili.com/video/BV1n34y167HL/?spm_id_from=333.337.search-card.all.click&vd_source=6374cb49b8a20f29e86ab9de12471afa,妇女权益保障法修订草案：禁止用PUA等手段残害妇女,train
women33,1,###Privacy Limitation###,###Privacy Limitation###,test
women34,0,https://www.bilibili.com/video/BV1tb4y1W7nS/?spm_id_from=333.337.search-card.all.click&vd_source=6374cb49b8a20f29e86ab9de12471afa,妇女节的由来,train
women35,0,https://www.bilibili.com/video/BV1Ht421V7fb/?spm_id_from=333.337.search-card.all.click&vd_source=6374cb49b8a20f29e86ab9de12471afa,妇女，你让我感到不陌生,test
women36,0,https://www.bilibili.com/video/BV1Hg4y1t7vC/?spm_id_from=333.337.search-card.all.click&vd_source=6374cb49b8a20f29e86ab9de12471afa,告诉孩子 三八妇女节的来历和意义,test
women37,0,https://www.bilibili.com/video/BV1H24y1G7pP/?spm_id_from=333.337.search-card.all.click&vd_source=6374cb49b8a20f29e86ab9de12471afa,“妈妈你为什么要做警察？”“因为钟意啦！”,train
women38,0,https://www.bilibili.com/video/BV16G4y1d7gj/?spm_id_from=333.337.search-card.all.click&vd_source=6374cb49b8a20f29e86ab9de12471afa,妇女半边天，事事都争先,train
women39,0,https://www.bilibili.com/video/BV1w34y187Br/?spm_id_from=333.337.search-card.all.click&vd_source=6374cb49b8a20f29e86ab9de12471afa,致敬不平凡的中国女性 | 妇女节,train
women40,1,https://www.bilibili.com/video/BV16Q4y1V78A/?spm_id_from=333.788.recommend_more_video.3&vd_source=6374cb49b8a20f29e86ab9de12471afa,男人也会受到性别偏见！,train
women41,0,https://www.bilibili.com/video/BV1kw4m1i72v/?spm_id_from=333.337.search-card.all.click&vd_source=6374cb49b8a20f29e86ab9de12471afa,女性争取受教育权力是何等艰难,train
women42,0,https://www.bilibili.com/video/BV1NE411u7cg/?spm_id_from=333.337.search-card.all.click&vd_source=6374cb49b8a20f29e86ab9de12471afa,只有大妈才会过妇女节吗？,train
women43,1,https://www.bilibili.com/video/BV1q44y1M7Do/?spm_id_from=333.337.search-card.all.click&vd_source=6374cb49b8a20f29e86ab9de12471afa,【女性混剪】“她们本该拥有自己的人生”,train
women44,1,https://www.bilibili.com/video/BV1rN4y1R7z3/?spm_id_from=333.337.search-card.all.click&vd_source=6374cb49b8a20f29e86ab9de12471afa,职场性骚扰太可怕了！果断拒绝对方却依旧纠缠不休｜装腔启示录,train
women45,1,https://www.bilibili.com/video/BV1SL4y1n71r/?spm_id_from=333.337.search-card.all.click&vd_source=6374cb49b8a20f29e86ab9de12471afa,【女心理师26，27预告】“厕所门”小微上演职场性骚扰,test
women46,0,https://www.bilibili.com/video/BV1hH4y157VS/?spm_id_from=333.337.search-card.all.click&vd_source=6374cb49b8a20f29e86ab9de12471afa,第一次遇到职场性骚扰，是什么体验…,train
women47,0,https://www.bilibili.com/video/BV1WT411z72t/?spm_id_from=333.337.search-card.all.click&vd_source=6374cb49b8a20f29e86ab9de12471afa,00后女生被上司性骚扰，拒绝未果搜集证据举报：领导道歉，已离职,train
women48,0,https://www.bilibili.com/video/BV1Tb411h7T8/?spm_id_from=333.337.search-card.all.click&vd_source=6374cb49b8a20f29e86ab9de12471afa,"【社会实验】男女互换性骚扰，路人分别如何反应？——Harassment in Public, Guys vs Girls (Social Experiment)",train
women49,0,https://www.bilibili.com/video/BV1sx4y187Q2/?spm_id_from=333.337.search-card.all.click&vd_source=6374cb49b8a20f29e86ab9de12471afa,女子举报领导性骚扰曝录音：我一忍再忍，他就是不放过我,train
women50,0,https://www.bilibili.com/video/BV1xHYWeQESZ/?spm_id_from=333.337.search-card.all.click&vd_source=6374cb49b8a20f29e86ab9de12471afa,人大女博士举报导师性骚扰事件：无可奈何的真相，不堪直视的角落,train
women51,0,https://www.bilibili.com/video/BV1Sz421B7Ya/?spm_id_from=333.337.search-card.all.click&vd_source=6374cb49b8a20f29e86ab9de12471afa,88年高学历女博士在择偶市场被边缘化，女人的花期真的很短,train
women52,1,https://www.bilibili.com/video/BV1U5411q7SY/?spm_id_from=333.337.search-card.all.click&vd_source=6374cb49b8a20f29e86ab9de12471afa,女子道出男女无法平等的真正的原因,train
women53,1,https://www.bilibili.com/video/BV1E1421b724/?spm_id_from=333.337.search-card.all.click&vd_source=6374cb49b8a20f29e86ab9de12471afa,为什么大龄女性开始变得面目狰狞了,train
women54,0,https://www.bilibili.com/video/BV1oj411c7xW/?spm_id_from=333.337.search-card.all.click&vd_source=6374cb49b8a20f29e86ab9de12471afa,被忽视的女性需求,train
women55,1,https://www.bilibili.com/video/BV1WU4y1e7sm/?spm_id_from=333.337.search-card.all.click&vd_source=6374cb49b8a20f29e86ab9de12471afa,这个社会对女性歧视很多,train
women56,1,https://www.bilibili.com/video/BV1cN411M7f2/?spm_id_from=333.337.search-card.all.click&vd_source=6374cb49b8a20f29e86ab9de12471afa,好现实好绝望啊！即使凭实力升职加薪，依然被男性同行满口冷嘲热讽，还要礼貌微笑！这段真的把职场女性边缘化拍的淋漓尽致！编剧清醒的在提醒我们，性别歧视永远存在...,test
women57,0,https://www.bilibili.com/video/BV1r2421w7Y1/?spm_id_from=333.337.search-card.all.click&vd_source=6374cb49b8a20f29e86ab9de12471afa,女性是被社会定义的吗？,test
women58,0,https://www.bilibili.com/video/BV1hQiMeoEWe/?spm_id_from=333.337.search-card.all.click&vd_source=6374cb49b8a20f29e86ab9de12471afa,女性的困境在于不被看见,train
women59,0,https://www.bilibili.com/video/BV17V4y1Z7QK/?spm_id_from=333.337.search-card.all.click&vd_source=6374cb49b8a20f29e86ab9de12471afa,警惕无形中边缘化女性的玩笑语言,train
women60,0,https://www.bilibili.com/video/BV1Vg4y1J72U/?spm_id_from=333.337.search-card.all.click&vd_source=6374cb49b8a20f29e86ab9de12471afa,【碗】马尔库塞谈妇女解放运动：自由社会将是一个女性的社会,train
women61,1,https://www.bilibili.com/video/BV1Lm421j7KZ/?spm_id_from=333.337.search-card.all.click&vd_source=6374cb49b8a20f29e86ab9de12471afa,我为什么不做女性情感,train
women62,0,https://www.bilibili.com/video/BV1NM4m1176F/?spm_id_from=333.337.search-card.all.click&vd_source=6374cb49b8a20f29e86ab9de12471afa,艰苦的劳动一线上没有女性？看看这些英雌！,train
women63,0,https://www.bilibili.com/video/BV1HN411S7ob/?spm_id_from=333.337.search-card.all.click&vd_source=6374cb49b8a20f29e86ab9de12471afa,无处可逃的厌女症｜我们可能从小就在无意识厌女,train
women64,0,https://www.bilibili.com/video/BV1oS4y1g72E/?spm_id_from=333.337.search-card.all.click&vd_source=6374cb49b8a20f29e86ab9de12471afa,关于对女性的这些偏见，早该被丢掉了！,train
women65,0,https://www.bilibili.com/video/BV1mr421M781/?spm_id_from=autoNext&vd_source=6374cb49b8a20f29e86ab9de12471afa,“我想救一代人”,train
women66,0,https://www.bilibili.com/video/BV1hr4y1f73f/?spm_id_from=333.337.search-card.all.click&vd_source=6374cb49b8a20f29e86ab9de12471afa,补档 性别红利,train
women67,1,https://www.bilibili.com/video/BV1AK4y1t7tR/?spm_id_from=333.337.search-card.all.click&vd_source=6374cb49b8a20f29e86ab9de12471afa4,性别歧视，我拒绝。,test
women68,1,https://www.bilibili.com/video/BV1Rp4y1j7uE/?spm_id_from=333.337.search-card.all.click&vd_source=6374cb49b8a20f29e86ab9de12471afa,遭遇过职场歧视的你，现在过得好吗？,train
women69,1,https://www.bilibili.com/video/BV1dD4y1e7f6/?spm_id_from=333.337.search-card.all.click&vd_source=6374cb49b8a20f29e86ab9de12471afa,国产影视剧中曾经出现的一种很恶心的剧情和对白,train
women70,1,https://www.bilibili.com/video/BV1i14y1f78o/?spm_id_from=333.337.search-card.all.click&vd_source=6374cb49b8a20f29e86ab9de12471afa,白鹿的小母狗到底有没有歧视女性？,train
women71,0,https://www.bilibili.com/video/BV1tW4y1B7Kg/?spm_id_from=333.337.search-card.all.click&vd_source=6374cb49b8a20f29e86ab9de12471afa,妇女的胸，还是很……,test
women72,0,https://www.bilibili.com/video/BV1TX4y157bq/?spm_id_from=333.337.search-card.all.click&vd_source=6374cb49b8a20f29e86ab9de12471afa,妇女用奶水救活了八路军战士,train
women73,0,https://www.bilibili.com/video/BV1veYKeSE5h/?spm_id_from=333.337.search-card.all.click&vd_source=6374cb49b8a20f29e86ab9de12471afa,【熟女和小鲜肉系列】中年妇女遇上年轻的情场高手,train
women74,0,https://www.bilibili.com/video/BV1Ju4m1g7SU/?spm_id_from=333.337.search-card.all.click&vd_source=6374cb49b8a20f29e86ab9de12471afa,真正的女权主义者：毛泽东,train
women75,0,https://www.bilibili.com/video/BV1iZ421t7ch/?spm_id_from=333.337.search-card.all.click&vd_source=6374cb49b8a20f29e86ab9de12471afa,克兰阵亡女兵遗体回乡 村中只剩妇女儿童来迎接,train
women76,0,https://www.bilibili.com/video/BV11s4y177M4/?spm_id_from=333.337.search-card.all.click&vd_source=6374cb49b8a20f29e86ab9de12471afa,50岁以上的自然老年妇女穿着引人注目的优雅皮衣，高跟鞋！,test
women77,0,https://www.bilibili.com/video/BV1hC4y177ok/?spm_id_from=333.337.search-card.all.click&vd_source=6374cb49b8a20f29e86ab9de12471afa,【男生慎入】“少女胸”和“妇女胸”能一眼辨别么？,test
women78,0,https://www.bilibili.com/video/BV14x42117jh/?spm_id_from=333.337.search-card.all.click&vd_source=6374cb49b8a20f29e86ab9de12471afa,“歧视妇女，要被打倒”,test
women79,0,https://www.bilibili.com/video/BV1RJ4m1u7Xv/?spm_id_from=333.337.search-card.all.click,《毛泽东年谱》妇女卫生是一个大事 月经期一定得休息 不然对妇女不利——1958年12月29日,train
women80,0,https://www.bilibili.com/video/BV1zj411u7sf/?spm_id_from=333.337.search-card.all.click&vd_source=6374cb49b8a20f29e86ab9de12471afa,限制工作、不许上学 阿富汗女性无心庆祝妇女节,test
women81,0,https://www.bilibili.com/video/BV14N411M7Vz/?spm_id_from=333.337.search-card.all.click&vd_source=6374cb49b8a20f29e86ab9de12471afa,希拉里·克林顿 1995年 北京（第四届世界妇女论坛）,test
women82,0,https://www.bilibili.com/video/BV1XS4y1d7c9/?spm_id_from=333.337.search-card.all.click&vd_source=6374cb49b8a20f29e86ab9de12471afa,中国妇女报：我们将不再使用“直男癌”这个词汇,test
women83,0,https://www.bilibili.com/video/BV15r421F7cX/?spm_id_from=333.337.search-card.all.click&vd_source=6374cb49b8a20f29e86ab9de12471afa,巴勒斯坦60岁妇女，持刀与以色列士兵对峙，结果被秒了,train
women84,0,https://www.bilibili.com/video/BV1tF41147JJ/?spm_id_from=333.337.search-card.all.click&vd_source=6374cb49b8a20f29e86ab9de12471afa,赵立坚：“毛泽东主席说过，妇女能顶半边天！”,train
women85,0,https://www.bilibili.com/video/BV1Et421L7ZX/?spm_id_from=333.337.search-card.all.click&vd_source=6374cb49b8a20f29e86ab9de12471afa,宣传片该怎么拍？国际劳动妇女节，那是为了纪念无产阶级妇女为了争取自身权益而斗争的日子！不被定义！致敬了不起的她！,train
women86,0,https://www.bilibili.com/video/BV1GC4y1N7t2/?spm_id_from=333.337.search-card.all.click&vd_source=6374cb49b8a20f29e86ab9de12471afa,拜托了孩子们别再搞厌女症那一套了行不行,train
women87,0,https://www.bilibili.com/video/BV15s8ietEFg/?spm_id_from=333.337.search-card.all.click&vd_source=6374cb49b8a20f29e86ab9de12471afa,关于厌女症，有那些误解？,test
women88,0,https://www.bilibili.com/video/BV1o8411v7t8/?spm_id_from=333.337.search-card.all.click&vd_source=6374cb49b8a20f29e86ab9de12471afa,机场仔细安检女性就是厌女？,train
women89,0,https://www.bilibili.com/video/BV1Uy411i7NQ/?spm_id_from=333.337.search-card.all.click&vd_source=6374cb49b8a20f29e86ab9de12471afa,厌女就是自我厌弃,train
women90,0,https://www.bilibili.com/video/BV1J8411K7iP/?spm_id_from=333.337.search-card.all.click&vd_source=6374cb49b8a20f29e86ab9de12471afa,【厌女】——“名誉男性”,train
women91,0,https://www.bilibili.com/video/BV1Uw4m1i7D6/?spm_id_from=333.337.search-card.all.click&vd_source=6374cb49b8a20f29e86ab9de12471afa,女性比男性更厌女？,train
women92,0,https://www.bilibili.com/video/BV1P4421S7Yy/?spm_id_from=333.337.search-card.all.click&vd_source=6374cb49b8a20f29e86ab9de12471afa%E3%80%81,看啥都是女性被压迫，看什么都是男女不平等,test
women93,0,https://www.bilibili.com/video/BV1dv4y1j7NE/?spm_id_from=333.337.search-card.all.click&vd_source=6374cb49b8a20f29e86ab9de12471afa,女人又不是块豆腐，清白有什么用？,train
women94,0,https://www.bilibili.com/video/BV1gk4y137XV/?spm_id_from=333.337.search-card.all.click&vd_source=6374cb49b8a20f29e86ab9de12471afa,心理学角度分析厌女症的发生机制,train
women95,0,https://www.bilibili.com/video/BV1T7411q7N9/?spm_id_from=333.337.search-card.all.click&vd_source=6374cb49b8a20f29e86ab9de12471afa,TXL圈子里的厌女情节和拒C文化，就算不一样又怎样,train
women96,0,https://www.bilibili.com/video/BV1RR4y1B7Q5/?spm_id_from=333.788.recommend_more_video.1&vd_source=6374cb49b8a20f29e86ab9de12471afa,重大发现，汉子茶她厌女啊,train
women97,0,https://www.bilibili.com/video/BV1Eu4y1m7u3/?spm_id_from=333.337.search-card.all.click&vd_source=6374cb49b8a20f29e86ab9de12471afa,什么是“厌女”？只有男性“厌女”吗？,train
women98,0,https://www.bilibili.com/video/BV13f421X7XS/?spm_id_from=333.337.search-card.all.click&vd_source=6374cb49b8a20f29e86ab9de12471afa,为什么女权男博主比女权女博主更受欢迎？,train
women99,0,https://www.bilibili.com/video/BV1R84y1i7x1/?spm_id_from=333.337.search-card.all.click&vd_source=6374cb49b8a20f29e86ab9de12471afa,澳前总理吉拉德有力回击极端厌女评论和行动,train
women100,0,https://www.bilibili.com/video/BV1y3411T7DH/?spm_id_from=333.337.search-card.all.click&vd_source=6374cb49b8a20f29e86ab9de12471afa,隐形的厌女症：为什么语音助手是女声？,test
women101,0,https://www.bilibili.com/video/BV1zR4y1178N/?spm_id_from=333.337.search-card.all.click&vd_source=6374cb49b8a20f29e86ab9de12471afa,女校文化的厌女症,train
women102,0,https://www.bilibili.com/video/BV1uT411D75Z/?spm_id_from=333.337.search-card.all.click&vd_source=6374cb49b8a20f29e86ab9de12471afa,我的厌女时刻｜曾经把“像男生”当成褒义词,test
women103,0,https://www.bilibili.com/video/BV1AT411i7JW/?spm_id_from=333.337.search-card.all.click&vd_source=6374cb49b8a20f29e86ab9de12471afa,逃过媚男辱女躲不过温柔雌竞,train
women104,0,https://www.bilibili.com/video/BV1bS4y1i7CU/?spm_id_from=333.337.search-card.all.click&vd_source=6374cb49b8a20f29e86ab9de12471afa,不该有的性别歧视：男生就该有男生的样子，女生就该有女生的样子,train
women105,0,https://www.bilibili.com/video/BV19i4y1C7wk/?spm_id_from=333.337.search-card.all.click&vd_source=6374cb49b8a20f29e86ab9de12471afa,“唯女子与小人为难养也”，这是歧视女性吗？,train
women106,0,###Privacy Limitation###,###Privacy Limitation###,train
women107,0,https://www.bilibili.com/video/BV1d4421Z78u/?spm_id_from=333.788.recommend_more_video.5&vd_source=6374cb49b8a20f29e86ab9de12471afa,女生就是不能上桌吃饭！这是从古至今的规矩！,train
women108,0,https://www.bilibili.com/video/BV13P411C7Dv/?spm_id_from=333.337.search-card.all.click&vd_source=6374cb49b8a20f29e86ab9de12471afa,真女权是平权而不是特权，是女人们巾帼不让须眉，是妇女能顶半边天，是成为经济独立人格独立的主体。而不是在商品化女性和丑化男性上,train
women109,0,https://www.bilibili.com/video/BV17W4y157bk/?spm_id_from=333.337.search-card.all.click&vd_source=6374cb49b8a20f29e86ab9de12471afa,当下的时代，我们为什么更需要女性主义,train
women110,0,https://www.bilibili.com/video/BV1Ah411G7YJ/?spm_id_from=333.337.search-card.all.click&vd_source=6374cb49b8a20f29e86ab9de12471afa,女士的法则：餐厅设置俩分菜单，价格仅男士可见，博主认为餐厅歧视女性,train
women111,0,https://www.bilibili.com/video/BV18d4y1F7Ds/?spm_id_from=333.337.search-card.all.click&vd_source=6374cb49b8a20f29e86ab9de12471afa,关于男朋友说自己被歧视这件事,train
women112,0,https://www.bilibili.com/video/BV1c1421t7YG/?spm_id_from=333.337.search-card.all.click&vd_source=6374cb49b8a20f29e86ab9de12471afa,女性还是离这些人远一点,train
women113,0,https://www.bilibili.com/video/BV1Xw411E7w9/?spm_id_from=333.337.search-card.all.click&vd_source=6374cb49b8a20f29e86ab9de12471afa,中国女性为什么那么强？,train
women114,0,https://www.bilibili.com/video/BV1XZ42117vt/?spm_id_from=333.337.search-card.all.click&vd_source=6374cb49b8a20f29e86ab9de12471afa,当世界开启女性模式,train
women119,1,https://www.bilibili.com/video/BV1MD4y1G7yj/?spm_id_from=333.337.search-card.all.click&vd_source=6374cb49b8a20f29e86ab9de12471afa,“没人厌女，但是厌蠢！”,train
women120,1,https://www.bilibili.com/video/BV1aK411b7tL/?spm_id_from=333.337.search-card.all.click&vd_source=6374cb49b8a20f29e86ab9de12471afa,厌女,test
women121,1,https://www.bilibili.com/video/BV1zw411N7KJ/?spm_id_from=333.337.search-card.all.click&vd_source=6374cb49b8a20f29e86ab9de12471afa,虐猫，厌女，仇外，某些男性逻辑的完美闭环！,train
women122,1,https://www.bilibili.com/video/BV1do4y1r7Tk/?spm_id_from=333.337.search-card.all.click&vd_source=6374cb49b8a20f29e86ab9de12471afa,《厌女》短视频合集,train
women123,1,https://www.bilibili.com/video/BV1YHYre1EE2/?spm_id_from=333.337.search-card.all.click&vd_source=6374cb49b8a20f29e86ab9de12471afa,“爱女”是爱具体的人 #内容过于真实#女生必看#女性力量#girlstalk,train
women124,1,https://www.bilibili.com/video/BV1Pe41117Ww/?spm_id_from=333.337.search-card.all.click&vd_source=6374cb49b8a20f29e86ab9de12471afa,逆天的女拳,train
women125,1,https://www.bilibili.com/video/BV16a4y1X7jY/?spm_id_from=333.337.search-card.all.click&vd_source=6374cb49b8a20f29e86ab9de12471afa,你身边有这样的“双标+厌女”行为吗？,test
women126,1,https://www.bilibili.com/video/BV1CY4y1y7Fa/?spm_id_from=333.337.search-card.all.click&vd_source=6374cb49b8a20f29e86ab9de12471afa,“我非常讨厌厉害的女人”，这个厌女霸凌同事偷窥幼女的变态说完这句话，就走进了自己的地狱,train
women127,1,https://www.bilibili.com/video/BV17x4y147JN/?spm_id_from=333.337.search-card.all.click&vd_source=6374cb49b8a20f29e86ab9de12471afa,男人早已失去传统的权利，凭什么还要承担传统的义务？,train
women128,1,https://www.bilibili.com/video/BV1Cc411i7hh/?spm_id_from=333.337.search-card.all.click&vd_source=6374cb49b8a20f29e86ab9de12471afa,看似爱女实则魅男,train
women129,1,https://www.bilibili.com/video/BV1iC411W7BN/?spm_id_from=333.337.search-card.all.click&vd_source=6374cb49b8a20f29e86ab9de12471afa,我们需要男人吗。#人类 #女人 #女权,train
disabled01,0,https://www.bilibili.com/video/BV1qT4y1A7kK/?spm_id_from=333.337.search-card.all.click&vd_source=6374cb49b8a20f29e86ab9de12471afa,视障博主吐槽无障碍设施缺陷遭恶评：看不见就老实在家呆着】,train
disabled02,1,https://www.bilibili.com/video/BV1vu411U7KP/?spm_id_from=333.337.search-card.all.click&vd_source=6374cb49b8a20f29e86ab9de12471afa,【治愈】“残疾人遭歧视，结局反转！”,test
disabled03,1,https://www.bilibili.com/video/BV1rM411J7xv/?spm_id_from=333.337.search-card.all.click&vd_source=6374cb49b8a20f29e86ab9de12471afa,闯荡：残疾人没残疾证，被检票员刁难，退役武警怒了：你有人证吗,train
disabled04,0,https://www.bilibili.com/video/BV1cA4y1Z7xc/?spm_id_from=333.337.search-card.all.click&vd_source=6374cb49b8a20f29e86ab9de12471afa,改善残疾人就业的现状,train
disabled05,0,https://www.bilibili.com/video/BV14U4y1p7DH/?spm_id_from=333.337.search-card.all.click&vd_source=6374cb49b8a20f29e86ab9de12471afa,公考面试：无障碍设施有二次障碍。,train
disabled06,0,https://www.bilibili.com/video/BV1px411f7jk/?spm_id_from=333.337.search-card.all.click&vd_source=6374cb49b8a20f29e86ab9de12471afa,红绿灯太短 分不清男女厕所 西湖边上无障碍设施用起来有点难,train
disabled07,1,###Privacy Limitation###,###Privacy Limitation###,train
disabled08,1,https://www.bilibili.com/video/BV1414y1F7Qo/?spm_id_from=333.788.recommend_more_video.-1&vd_source=6374cb49b8a20f29e86ab9de12471afa,男子从背后飞踹拾荒老人 该事件涉案共三人 两人围攻老人一人负责拍摄,test
disabled09,0,###Privacy Limitation###,###Privacy Limitation###,test
disabled10,0,###Privacy Limitation###,###Privacy Limitation###,train
disabled11,0,https://www.bilibili.com/video/BV1Ft4y1j7mN/?spm_id_from=333.337.search-card.all.click&vd_source=6374cb49b8a20f29e86ab9de12471afa,示范作答：社会上残疾人经常受人歧视，地位不高。对此你怎么看？,test
disabled12,0,https://www.bilibili.com/video/BV1wR4y1q7E6/?spm_id_from=333.337.search-card.all.click&vd_source=6374cb49b8a20f29e86ab9de12471afa,为什么超过30人的公司，一定要招1个残疾人？,train
disabled13,0,###Privacy Limitation###,###Privacy Limitation###,train
disabled14,0,###Privacy Limitation###,###Privacy Limitation###,train
disabled15,0,###Privacy Limitation###,###Privacy Limitation###,train
disabled16,1,https://www.bilibili.com/video/BV1Ne411C7ty/?spm_id_from=333.337.search-card.all.click&vd_source=6374cb49b8a20f29e86ab9de12471afa,真正尊重残疾人，就要用正常人对待。,train
disabled17,0,https://www.bilibili.com/video/BV1H84y1N7YQ/?spm_id_from=333.337.search-card.all.click&vd_source=6374cb49b8a20f29e86ab9de12471afa,残疾人如何克服内心自卑，面对外界歧视。,train
disabled18,0,https://www.bilibili.com/video/BV1Bb411x7H5/?spm_id_from=333.337.search-card.all.click&vd_source=6374cb49b8a20f29e86ab9de12471afa,残障是一种怎样的体验｜关于歧视和刻板印象|我爱残障学,train
disabled19,0,https://www.bilibili.com/video/BV1f142147ZM/?spm_id_from=333.337.search-card.all.click&vd_source=6374cb49b8a20f29e86ab9de12471afa,对待残疾人群应当表示平等与接纳的心态拒绝歧视心理,train
disabled20,0,https://www.bilibili.com/video/BV1Th4y137VH/?spm_id_from=333.337.search-card.all.click&vd_source=6374cb49b8a20f29e86ab9de12471afa,中国为何看不到盲人出门，这个视频就是答案,test
disabled21,0,https://www.bilibili.com/video/BV1zD4y1c7Jg/?spm_id_from=333.337.search-card.all.click&vd_source=6374cb49b8a20f29e86ab9de12471afa,导盲犬去超市被拒，工作人员说不行！今天是国际残疾人日，您愿意跟导盲犬同在公共场合吗？,train
disabled22,0,https://www.bilibili.com/video/BV1Rx4y1U7Cx/?spm_id_from=333.337.search-card.all.click&vd_source=6374cb49b8a20f29e86ab9de12471afa,他没有了双臂，却被工作人员告知，你必须证明你是残疾人！大型纪录片《残疾证》,train
disabled23,0,https://www.bilibili.com/video/BV1zH4y1L71e/?spm_id_from=333.337.search-card.all.click&vd_source=6374cb49b8a20f29e86ab9de12471afa,残疾人工作会被歧视么？作为残疾人的我回答是：会的！并不是所有东西都是美好的！而现实是很残酷的！只要是是一个普通残疾人生活没有那么容易的！只要你勇敢坚强一点会挺过,test
disabled24,0,https://www.bilibili.com/video/BV1eh4y1477z/?spm_id_from=333.337.search-card.all.click&vd_source=6374cb49b8a20f29e86ab9de12471afa,【对话】自己作为残疾人，如何看待残疾人群体？,train
disabled25,0,https://www.bilibili.com/video/BV1sR4y1F7mC/?spm_id_from=333.337.search-card.all.click&vd_source=6374cb49b8a20f29e86ab9de12471afa,儿子参军十年回来一是残疾人 ！,test
disabled26,0,https://www.bilibili.com/video/BV1rT4y1T7JY/?spm_id_from=333.337.search-card.all.click&vd_source=6374cb49b8a20f29e86ab9de12471afa,精神残疾远比身体残疾要更可怕,test
disabled27,0,https://www.bilibili.com/video/BV1124y1z7xa/?spm_id_from=333.337.search-card.all.click&vd_source=6374cb49b8a20f29e86ab9de12471afa,“你们残疾人没人陪就别出门，净给社会添乱”，人性恶毒不过如此,train
disabled28,0,https://www.bilibili.com/video/BV1Z7421R7fB/?spm_id_from=333.337.search-card.all.click&vd_source=6374cb49b8a20f29e86ab9de12471afa,残疾人不存在,train
disabled29,0,https://www.bilibili.com/video/BV13V411u7Mn/?spm_id_from=333.337.search-card.all.click&vd_source=6374cb49b8a20f29e86ab9de12471afa,残疾小伙用双手爬行养羊供妹妹读书，感动无数人,train
disabled30,0,https://www.bilibili.com/video/BV1GY411T7Cj/?spm_id_from=333.337.search-card.all.click&vd_source=6374cb49b8a20f29e86ab9de12471afa,【冷水财经】中国有8500万残障人士，为什么生活中很少看到他们？,test
disabled31,0,https://www.bilibili.com/video/BV1DU411U72J/?spm_id_from=333.337.search-card.all.click&vd_source=6374cb49b8a20f29e86ab9de12471afa,大型纪录片《没胳膊不算残疾人》持续为你播出！！！！！！！！！,train
disabled32,0,https://www.bilibili.com/video/BV1Vt411j7v1/?spm_id_from=333.337.search-card.all.click&vd_source=6374cb49b8a20f29e86ab9de12471afa,张海迪：让残疾孩子接受和健康孩子一样的教育,test
disabled33,0,https://www.bilibili.com/video/BV1SN4y1b7Wd/?spm_id_from=333.337.search-card.all.click&vd_source=6374cb49b8a20f29e86ab9de12471afa,感觉社会对残疾人的关爱和尊重,train
disabled34,0,https://www.bilibili.com/video/BV1h1421t7KQ/?spm_id_from=333.337.search-card.all.click&vd_source=6374cb49b8a20f29e86ab9de12471afa,导盲犬和轮椅同时出现在地铁的暖心一幕 是千分之一概率的巧合，还是无障碍进步的真实映照？,train
disabled35,0,https://www.bilibili.com/video/BV19t4y137EZ/?spm_id_from=333.337.search-card.all.click&vd_source=6374cb49b8a20f29e86ab9de12471afa,8岁独臂男孩想进残奥队拿冠军 “世界以痛吻我，我却报之以歌”,train
disabled36,0,https://www.bilibili.com/video/BV1XT4y1B7iq/?spm_id_from=333.337.search-card.all.click&vd_source=6374cb49b8a20f29e86ab9de12471afa,我国有8500万残疾人，请给Ta更多尊重！,test
disabled37,0,https://www.bilibili.com/video/BV1mS4y1U7s8/?spm_id_from=333.337.search-card.all.click&vd_source=6374cb49b8a20f29e86ab9de12471afa,残疾人分享视频害怕网络暴力，拉黑唯一的朋友，网上请尊重别人的隐私,train
disabled38,0,https://www.bilibili.com/video/BV1pT4y1q7iH/?spm_id_from=333.337.search-card.all.click&vd_source=6374cb49b8a20f29e86ab9de12471afa,残障人士和健全人的爱情是这样的,train
disabled39,0,https://www.bilibili.com/video/BV1o3411b73u/?spm_id_from=333.337.search-card.all.click&vd_source=6374cb49b8a20f29e86ab9de12471afa,身体残疾给我带来了哪些影响，肢体残疾是一种怎样的体验！来自小儿麻痹患者的实话实说,train
disabled40,0,https://www.bilibili.com/video/BV1aL4y1J76n/?spm_id_from=333.337.search-card.all.click&vd_source=6374cb49b8a20f29e86ab9de12471afa,我是一个脑瘫患者，请大家尊重每一个残疾人 在这里，谢谢大家,train
disabled41,0,https://www.bilibili.com/video/BV1rL4y1T7zg/?spm_id_from=333.337.search-card.all.click&vd_source=6374cb49b8a20f29e86ab9de12471afa,请勿歧视残疾人，多关爱他们让世间充满温暖和爱！,train
disabled42,0,https://www.bilibili.com/video/BV1p3411p7kN/?spm_id_from=autoNext&vd_source=6374cb49b8a20f29e86ab9de12471afa,一路坎坷感谢粉丝，作为妈妈为的是家庭和孩子，之所以停更，只为在逆风中砥砺前行。,train
disabled43,0,https://www.bilibili.com/video/BV1sM411y7EK/?spm_id_from=333.337.search-card.all.click&vd_source=6374cb49b8a20f29e86ab9de12471afa,不幸的家庭，母亲是盲人，父亲腿脚残疾，儿子患有脑瘫,train
disabled44,0,https://www.bilibili.com/video/BV1p24y1k74Y/?spm_id_from=333.337.search-card.all.click&vd_source=6374cb49b8a20f29e86ab9de12471afa,一想到残疾人，你会想到什么？,train
disabled45,0,https://www.bilibili.com/video/BV1EN411s7ab/?spm_id_from=333.337.search-card.all.click&vd_source=6374cb49b8a20f29e86ab9de12471afa,格外关心、格外关注 总书记关心残疾人的温情瞬间,test
disabled46,0,https://www.bilibili.com/video/BV1R94y1A7Aw/?spm_id_from=333.337.search-card.all.click&vd_source=6374cb49b8a20f29e86ab9de12471afa,我不想做残疾人,train
disabled47,0,https://www.bilibili.com/video/BV1hP411n7Wu/?spm_id_from=333.337.search-card.all.click&vd_source=6374cb49b8a20f29e86ab9de12471afa,“我就是残疾人！！！”,test
disabled48,0,https://www.bilibili.com/video/BV1hL411N7yg/?spm_id_from=333.337.search-card.all.click&vd_source=6374cb49b8a20f29e86ab9de12471afa,爷爷的这一番话，说出了多少农村留守老人的心声！,train
disabled49,0,https://www.bilibili.com/video/BV18a411f7bq/?spm_id_from=333.337.search-card.all.click&vd_source=6374cb49b8a20f29e86ab9de12471afa,残疾人不配拥有爱情,train
disabled50,0,https://www.bilibili.com/video/BV1Yw411Q74w/?spm_id_from=333.337.search-card.all.click&vd_source=6374cb49b8a20f29e86ab9de12471afa,太恶劣！民警酒后殴打智力残疾人士,train
disabled51,0,https://www.bilibili.com/video/BV1EN4y117bU/?spm_id_from=333.337.search-card.all.click&vd_source=6374cb49b8a20f29e86ab9de12471afa,残疾夫妻虽然穷，被人看不起，却依然快乐地生活,train
disabled52,0,https://www.bilibili.com/video/BV1dt4y1b7od/?spm_id_from=333.337.search-card.all.click&vd_source=6374cb49b8a20f29e86ab9de12471afa,无臂女孩杨莉：用脚写字考上大学，身残志坚创业逆袭成千万网红,train
disabled53,0,https://www.bilibili.com/video/BV1LY4y1K7pX/?spm_id_from=333.337.search-card.all.click&vd_source=6374cb49b8a20f29e86ab9de12471afa,我是残疾人，也是普通人。（个人角度浅谈对残障人士的偏见与歧视）,train
disabled54,0,https://www.bilibili.com/video/BV1v34y1R7YC/?spm_id_from=333.337.search-card.all.click&vd_source=6374cb49b8a20f29e86ab9de12471afa,中国有8500多万残疾人，和姓王的人数相近，但你却看不见他们......,train
disabled55,0,https://www.bilibili.com/video/BV1yM41167g1/?spm_id_from=333.788.recommend_more_video.1&vd_source=6374cb49b8a20f29e86ab9de12471afa,「国际残疾人日」公益广告片｜那些被忽略的他们，也需要你的关爱,train
disabled56,0,https://www.bilibili.com/video/BV1Jv4y1P7t2/?spm_id_from=333.788.recommend_more_video.1&vd_source=6374cb49b8a20f29e86ab9de12471afa,【公益广告】盲道——为盲人让道,test
disabled57,0,https://www.bilibili.com/video/BV1cD421J73g/?spm_id_from=333.337.search-card.all.click,聊聊残疾人坐轮椅,train
disabled58,0,https://www.bilibili.com/video/BV1KY4y1F7v6/?spm_id_from=333.337.search-card.all.click&vd_source=6374cb49b8a20f29e86ab9de12471afa,两个残障孩子的对话 希望命运能对他们公平一点点,train
disabled59,0,https://www.bilibili.com/video/BV1Rm4y1d7oT/?spm_id_from=333.337.search-card.all.click&vd_source=6374cb49b8a20f29e86ab9de12471afa,虽然他智商像个孩子 但是做出来的事儿让我惊讶......,train
disabled60,0,https://www.bilibili.com/video/BV1S2421w7Gw/?spm_id_from=333.337.search-card.all.click&vd_source=6374cb49b8a20f29e86ab9de12471afa,【好好活着一个残疾人】Up主探索中，欢迎收看求三连！,test
disabled61,0,https://www.bilibili.com/video/BV1FM41127pC/?spm_id_from=333.337.search-card.all.click&vd_source=6374cb49b8a20f29e86ab9de12471afa,全是智障工人的洗车行，被举报虐待残疾人，可他们洗的车最干净,test
disabled62,0,https://www.bilibili.com/video/BV1eg4y1n7YG/?spm_id_from=333.337.search-card.all.click&vd_source=6374cb49b8a20f29e86ab9de12471afa,00后小伙19年残疾史受尽折磨，幸遇良医终如愿直立行走（终）,test
disabled63,0,https://www.bilibili.com/video/BV1rvgKezEqi/?spm_id_from=333.337.search-card.all.click&vd_source=6374cb49b8a20f29e86ab9de12471afa,可怜之人必有可恨之处。,train
disabled64,0,https://www.bilibili.com/video/BV1zt421b7mi/?spm_id_from=333.337.search-card.all.click&vd_source=6374cb49b8a20f29e86ab9de12471afa,真的有公司会招残疾人吗独居深漂脑瘫女孩,train
disabled65,0,https://www.bilibili.com/video/BV1S4421U7zL/?spm_id_from=333.337.search-card.all.click&vd_source=6374cb49b8a20f29e86ab9de12471afa,能不能放我们残疾人一马？,train
disabled66,0,https://www.bilibili.com/video/BV1td4y1b75Z/?spm_id_from=333.337.search-card.all.click&vd_source=6374cb49b8a20f29e86ab9de12471afa,残疾女孩干倒了三家公司！是人性的扭曲还是道德的沦丧？,train
disabled67,0,https://www.bilibili.com/video/BV1Ct4y1G7Z2/?spm_id_from=333.337.search-card.all.click&vd_source=6374cb49b8a20f29e86ab9de12471afa,陌生人的一句关心，真的很暖,test
disabled68,0,https://www.bilibili.com/video/BV12V4y1d735/?spm_id_from=333.337.search-card.all.click&vd_source=6374cb49b8a20f29e86ab9de12471afa,也许这就是文明社会吧！最大程度上给予残障人士关怀和支持,train
disabled69,0,https://www.bilibili.com/video/BV1n34y1R7vC/?spm_id_from=333.337.search-card.all.click&vd_source=6374cb49b8a20f29e86ab9de12471afa,他们被苦痛吻过仍然报之以歌,train
disabled70,1,###Privacy Limitation###,###Privacy Limitation###,train
disabled71,1,https://www.bilibili.com/video/BV1vi4y197Kb/?spm_id_from=333.337.search-card.all.click&vd_source=6374cb49b8a20f29e86ab9de12471afa,残疾人去餐厅被歧视对待，怎料她的身份不一般，这下餐厅惨了,train
disabled72,1,https://www.bilibili.com/video/BV12b421h7U2/?spm_id_from=333.337.search-card.all.click&vd_source=6374cb49b8a20f29e86ab9de12471afa,我车停在残疾人车位 女子过来大骂说是她的专属车位,train
disabled73,1,https://www.bilibili.com/video/BV1oe411H79z/?spm_id_from=333.337.search-card.all.click&vd_source=6374cb49b8a20f29e86ab9de12471afa,把残疾人当正常人对待，就是对他最大的尊重,train
disabled74,1,https://www.bilibili.com/video/BV1BR4y1Q7vF/?spm_id_from=333.337.search-card.all.click&vd_source=6374cb49b8a20f29e86ab9de12471afa,残疾小伙去面试，却惨遭歧视羞辱。,train
disabled75,1,https://www.bilibili.com/video/BV1dM411t7zd/?spm_id_from=333.337.search-card.all.click&vd_source=6374cb49b8a20f29e86ab9de12471afa,这个世界对残疾人就是残酷！,train
disabled76,1,https://www.bilibili.com/video/BV1pg411B76c/?spm_id_from=333.337.search-card.all.click&vd_source=6374cb49b8a20f29e86ab9de12471afa,残疾人就应该被歧视？！三观不正，如何做事？,train
disabled77,1,https://www.bilibili.com/video/BV1TP411T7gk/?spm_id_from=333.337.search-card.all.click&vd_source=6374cb49b8a20f29e86ab9de12471afa,对待残疾人最大的尊重和善意不是同情，而是不要特殊对待,train
disabled78,1,https://www.bilibili.com/video/BV1T5v1e9EDY/?spm_id_from=333.337.search-card.all.click&vd_source=6374cb49b8a20f29e86ab9de12471afa,贾玲俩眼一整就是干,train
disabled79,1,https://www.bilibili.com/video/BV1mg411z7P1/?spm_id_from=333.337.search-card.all.click&vd_source=6374cb49b8a20f29e86ab9de12471afa,孕妇坐公交车，没有一个人愿意让座，好心的残疾人终得好报,train
disabled80,1,###Privacy Limitation###,###Privacy Limitation###,train
disabled81,1,https://www.bilibili.com/video/BV1ay421i7UP/?spm_id_from=333.337.search-card.all.click&vd_source=6374cb49b8a20f29e86ab9de12471afa,千万别欺负残疾人，后果你惹不起!,test
disabled82,1,https://www.bilibili.com/video/BV1WQ4y1c7iH/?spm_id_from=333.337.search-card.all.click&vd_source=6374cb49b8a20f29e86ab9de12471afa,女孩踢走老人拐杖,test
disabled83,0,https://www.bilibili.com/video/BV1pw411p7dv/?spm_id_from=333.337.search-card.all.click&vd_source=6374cb49b8a20f29e86ab9de12471afa,【中日双语】中国残障人士现状。出行障碍重重，社会对他们的关心依然比较低，出门需要很大的勇气。北京残障人士洛洛「我的梦想是开一个无障碍交流的咖啡厅」,test
disabled84,0,https://www.bilibili.com/video/BV1V3411t7NJ/?spm_id_from=333.337.search-card.all.click&vd_source=6374cb49b8a20f29e86ab9de12471afa,残疾证有这么多好处你不知道吗？,test
disabled85,0,https://www.bilibili.com/video/BV1AB421z7PU/?spm_id_from=333.337.search-card.all.click&vd_source=6374cb49b8a20f29e86ab9de12471afa,中国有8500万残疾人，为什么你很少在街上看到他们？,train
disabled86,0,https://www.bilibili.com/video/BV1He4y1q7Mi/?spm_id_from=333.337.search-card.all.click&vd_source=6374cb49b8a20f29e86ab9de12471afa,残疾人找工作现状。,train
disabled87,0,https://www.bilibili.com/video/BV1YT411E7pj/?spm_id_from=333.788.recommend_more_video.0&vd_source=6374cb49b8a20f29e86ab9de12471afa,残疾人就业宣传片,train
disabled88,0,https://www.bilibili.com/video/BV1d34y1U71R/?spm_id_from=333.337.search-card.all.click&vd_source=6374cb49b8a20f29e86ab9de12471afa,9.3分神作，对残疾人，不怜悯就是最大的尊重（第3/3集）,test
disabled89,0,https://www.bilibili.com/video/BV1xD4y1274F/?spm_id_from=333.337.search-card.all.click&vd_source=6374cb49b8a20f29e86ab9de12471afa,网络上援助她五年了，今天第一次去我的脑瘫妹妹家，她笑的很开心，但我心里不是滋味,test
disabled90,0,###Privacy Limitation###,###Privacy Limitation###,train
disabled91,0,https://www.bilibili.com/video/BV1pF411X7DE/?spm_id_from=333.337.search-card.all.click&vd_source=6374cb49b8a20f29e86ab9de12471afa,身为残疾人，我们到底要不要接受别人的帮助？,test
disabled92,0,https://www.bilibili.com/video/BV19N41147iF/?spm_id_from=333.337.search-card.all.click&vd_source=6374cb49b8a20f29e86ab9de12471afa,是不是我内心太敏感了？可是残疾人也是人,train
disabled93,0,https://www.bilibili.com/video/BV1cC4y1E7br/?spm_id_from=333.788.recommend_more_video.1&vd_source=6374cb49b8a20f29e86ab9de12471afa,灵魂残缺比身体残缺更可怕,train
disabled94,0,https://www.bilibili.com/video/BV1ce41117qV/?spm_id_from=333.788.recommend_more_video.2&vd_source=6374cb49b8a20f29e86ab9de12471afa,你觉得残疾人的最终归宿又是哪,train
disabled95,0,https://www.bilibili.com/video/BV1524y1t7c6/?spm_id_from=333.337.search-card.all.click&vd_source=6374cb49b8a20f29e86ab9de12471afa,“他从来没有把我当作过残疾人！”,train
disabled96,0,https://www.bilibili.com/video/BV1RD4y1g7UD/?spm_id_from=333.788.recommend_more_video.4&vd_source=6374cb49b8a20f29e86ab9de12471afa,从现在开始，别留下遗憾！,train
disabled97,0,https://www.bilibili.com/video/BV1aR4y1N7sZ/?spm_id_from=333.337.search-card.all.click&vd_source=6374cb49b8a20f29e86ab9de12471afa,身体残疾，不是我愿意的，生来如此，我只能积极面对，爱你努力生活,train
disabled98,0,https://www.bilibili.com/video/BV1aB4y1D7yx/?spm_id_from=333.337.search-card.all.click&vd_source=6374cb49b8a20f29e86ab9de12471afa,打破了人们对残疾人生活的刻板印象,train
disabled99,0,https://www.bilibili.com/video/BV1jG411p7ze/?spm_id_from=333.337.search-card.all.click&vd_source=6374cb49b8a20f29e86ab9de12471afa,全家接力12年将残障孩子背入大学,test
disabled100,0,https://www.bilibili.com/video/BV1rv411u7HJ/?spm_id_from=333.337.search-card.all.click&vd_source=6374cb49b8a20f29e86ab9de12471afa,关爱残疾人公益宣传短片《大学无声胜有声》,test
disabled101,0,https://www.bilibili.com/video/BV1X3411t7Wn/?spm_id_from=333.337.search-card.all.click&vd_source=6374cb49b8a20f29e86ab9de12471afa,8/8其实绝大多数残疾朋友内心很单纯可爱，但也很自卑，他想帮助更多的残疾人就业和创业,train
disabled102,0,https://www.bilibili.com/video/BV1JM4y1t7ko/?spm_id_from=333.337.search-card.all.click&vd_source=6374cb49b8a20f29e86ab9de12471afa,残疾人就业,train
disabled103,0,https://www.bilibili.com/video/BV1v1421q7uG/?spm_id_from=333.337.search-card.all.click&vd_source=6374cb49b8a20f29e86ab9de12471afa,残疾人出门，超绝偷感！好刺激！,train
disabled104,0,https://www.bilibili.com/video/BV1Ki421i7Jt/?spm_id_from=333.788&vd_source=6374cb49b8a20f29e86ab9de12471afa,残疾人做了一年的全职博主了，但是我请问呢？,test
disabled105,0,https://www.bilibili.com/video/BV1ELe7exE8C/?spm_id_from=333.337.search-card.all.click&vd_source=6374cb49b8a20f29e86ab9de12471afa,尽力而为，无怨无悔，一位残疾人少年的公益路！,test
disabled106,0,https://www.bilibili.com/video/BV1UB4y1D78p/?spm_id_from=333.337.search-card.all.click&vd_source=6374cb49b8a20f29e86ab9de12471afa,“残疾人为什么不能选择喜欢的工作？” 【戴戴萌生活日常：第十五期】,test
disabled107,0,https://www.bilibili.com/video/BV1EC4y1v7bd/?spm_id_from=333.337.search-card.all.click&vd_source=6374cb49b8a20f29e86ab9de12471afa,残疾人真的很不容易,train
disabled108,0,https://www.bilibili.com/video/BV1UMYMeLE9k/?spm_id_from=333.788.recommend_more_video.0&vd_source=6374cb49b8a20f29e86ab9de12471afa,重度残疾的我泣血拍视频，为癌症复发的妈妈求助医药费，面对每月近二W的免疫靶向加化疗费，实在是走投无路了，跪求有爱心的b友们帮帮我,train
disabled109,0,https://www.bilibili.com/video/BV16i4y1r7Sc/?spm_id_from=333.337.search-card.all.click&vd_source=6374cb49b8a20f29e86ab9de12471afa,《白象方便面》民族脊梁拒绝日资，雇佣残疾人员工和普通员工一样待遇,train
disabled110,0,https://www.bilibili.com/video/BV1JN4y1w7M9/?spm_id_from=333.337.search-card.all.click&vd_source=6374cb49b8a20f29e86ab9de12471afa,他从来没有把我当残疾人对待,train
disabled111,1,https://www.bilibili.com/video/BV1nL411q7WS/?spm_id_from=333.337.search-card.all.click&vd_source=6374cb49b8a20f29e86ab9de12471afa,残疾人游泳被歧视 却靠他挽救一个生命,train
disabled112,1,https://www.bilibili.com/video/BV1Vo4y1G7QG/?spm_id_from=333.788.recommend_more_video.0&vd_source=6374cb49b8a20f29e86ab9de12471afa,流浪汉被赶出理发店，却被善意的帮助改变人生,test
disabled113,1,https://www.bilibili.com/video/BV1Q5411C7kE/?spm_id_from=333.337.search-card.all.click&vd_source=6374cb49b8a20f29e86ab9de12471afa,我们应当关爱呵护残疾人群 而不是嘲笑歧视他们,train
disabled114,1,https://www.bilibili.com/video/BV1am411S71r/?spm_id_from=333.788.recommend_more_video.0&vd_source=6374cb49b8a20f29e86ab9de12471afa,我们真的有资格嘲笑他吗,train
disabled115,1,https://www.bilibili.com/video/BV1mE411576u/?spm_id_from=333.337.search-card.all.click&vd_source=6374cb49b8a20f29e86ab9de12471afa,坐轮椅的阿姨因小事遭当街辱骂，路人们纷纷站出来维护她！（社会实验）,train
disabled116,1,https://www.bilibili.com/video/BV1bd4y1E7XF/?spm_id_from=333.337.search-card.all.click&vd_source=6374cb49b8a20f29e86ab9de12471afa,引众怒！残疾男子乞讨被女子当街戏弄：讨来的钱被抢走撕碎,train
low_income01,1,https://www.bilibili.com/video/BV1TR4y1t7rn/?spm_id_from=333.337.search-card.all.click&vd_source=6374cb49b8a20f29e86ab9de12471afa,"“你就去死吧”！西安地铁女子怒斥农民工蹭脏衣服,活该让人欺负",train
low_income02,1,https://www.bilibili.com/video/BV1wY4y167Ki/?spm_id_from=333.337.search-card.all.click&vd_source=6374cb49b8a20f29e86ab9de12471afa,“你摸摸自己的良心”看到小伙嫌弃送饭的环卫工母亲，路人怒吼,test
low_income03,1,https://www.bilibili.com/video/BV1wi421f7Dn/?spm_id_from=333.337.search-card.all.click&vd_source=6374cb49b8a20f29e86ab9de12471afa,xxn锐评世界，侮辱环卫工，还幻想自己是中美混血,train
low_income04,1,https://www.bilibili.com/video/BV1LV4y1K7Um/?spm_id_from=333.337.search-card.all.click&vd_source=6374cb49b8a20f29e86ab9de12471afa,北大教授奇葩言论：农民跟粮食没啥关系，他们睡觉的时候，粮食也在长啊,train
low_income05,1,https://www.bilibili.com/video/BV1jS411A7fx/?spm_id_from=333.337.search-card.all.click&vd_source=6374cb49b8a20f29e86ab9de12471afa,不同时期拖欠农民工工资区别,train
low_income06,0,https://www.bilibili.com/video/BV12y411e7ye/?spm_id_from=333.337.search-card.all.click&vd_source=6374cb49b8a20f29e86ab9de12471afa,农民四次救中国！如今正在第五次！却被高校学生写歌词嘲讽diss！,train
low_income07,0,https://www.bilibili.com/video/BV1Sy421B72u/?spm_id_from=333.337.search-card.all.click&vd_source=6374cb49b8a20f29e86ab9de12471afa,千万别瞧不起农民！他们曾3次拯救中国！,train
low_income08,0,https://www.bilibili.com/video/BV19v4y117mD/?spm_id_from=333.337.search-card.all.click&vd_source=6374cb49b8a20f29e86ab9de12471afa,工人阶级农民阶级才是伟大的，任何不以工农群众为主，贬低工人，歧视农民的国家民族终究走向灭亡,train
low_income09,0,https://www.bilibili.com/video/BV16C411t7gD/?spm_id_from=333.337.search-card.all.click&vd_source=6374cb49b8a20f29e86ab9de12471afa,温铁军：某些专家只许农民干农业，怎么不让你爹干呢，你有病啊,train
low_income10,0,https://www.bilibili.com/video/BV1Hw411p7TD/?spm_id_from=333.337.search-card.all.click&vd_source=6374cb49b8a20f29e86ab9de12471afa,所以我们不能忘了农民！,train
low_income11,0,https://www.bilibili.com/video/BV1RS421X71A/?spm_id_from=333.337.search-card.all.click&vd_source=6374cb49b8a20f29e86ab9de12471afa,“说透农村现状的那一刻，艺术已成！”,train
low_income12,0,https://www.bilibili.com/video/BV19b4y1H7pw/?spm_id_from=333.337.search-card.all.click&vd_source=6374cb49b8a20f29e86ab9de12471afa,我是农民，怎么才能赚够1.06亿？,train
low_income13,0,###Privacy Limitation###,###Privacy Limitation###,train
low_income14,0,###Privacy Limitation###,###Privacy Limitation###,train
low_income15,0,https://www.bilibili.com/video/BV1wb4y1H7XF/?spm_id_from=333.337.search-card.all.click&vd_source=6374cb49b8a20f29e86ab9de12471afa,再过几年，农民工就要消失了,test
low_income16,0,https://www.bilibili.com/video/BV1nu41177xJ/?spm_id_from=333.337.search-card.all.click&vd_source=6374cb49b8a20f29e86ab9de12471afa,偿还历史欠债，善待第一代农民工,test
low_income17,0,https://www.bilibili.com/video/BV1zg4y1M7cu/?spm_id_from=333.337.search-card.all.click&vd_source=6374cb49b8a20f29e86ab9de12471afa,中国3亿农民工困境：吃8元的饭，盖千万的楼，却没有一间属于自己,train
low_income18,0,###Privacy Limitation###,###Privacy Limitation###,train
low_income19,0,https://www.bilibili.com/video/BV1co4y127RC/?spm_id_from=333.337.search-card.all.click&vd_source=6374cb49b8a20f29e86ab9de12471afa,农村人不但被城里人瞧不起，就连农村里的成功者，也看不起农村人,train
low_income20,0,https://www.bilibili.com/video/BV1nP411W7AQ/?spm_id_from=333.337.search-card.all.click&vd_source=6374cb49b8a20f29e86ab9de12471afa,农村上墙新标语”宅基地变成集体资产”，妥妥“寒了”6亿农民的心,train
low_income21,0,https://www.bilibili.com/video/BV1JY4y147zj/?spm_id_from=333.337.search-card.all.click&vd_source=6374cb49b8a20f29e86ab9de12471afa,当农民怎么就难呢？,test
low_income22,0,https://www.bilibili.com/video/BV1is411p7xV/?spm_id_from=333.337.search-card.all.click&vd_source=6374cb49b8a20f29e86ab9de12471afa,中国贫富差距究竟有多大，农民工大妈说的太有道理了,train
low_income23,0,https://www.bilibili.com/video/BV1KpeueUEQC/?spm_id_from=333.337.search-card.all.click&vd_source=6374cb49b8a20f29e86ab9de12471afa,农民为什么会怕村委会，不敢维权,test
low_income24,0,https://www.bilibili.com/video/BV1gv4y1T74c/?spm_id_from=333.788.recommend_more_video.0&vd_source=6374cb49b8a20f29e86ab9de12471afa,老百姓都开始存钱，不消费了。专家：恶意存钱，鼓励居民加杠杆，猛消费。,train
low_income25,0,https://www.bilibili.com/video/BV1qL411t7Qy/?spm_id_from=333.337.search-card.all.click&vd_source=6374cb49b8a20f29e86ab9de12471afa,工人讨要工资竟然被当成了恐怖分子。,train
low_income26,0,https://www.bilibili.com/video/BV1ay421v7u8/?spm_id_from=333.337.search-card.all.click&vd_source=6374cb49b8a20f29e86ab9de12471afa,“要是有人看不起工人呢？”几十年前的台词也太讽刺了吧！,train
low_income27,0,https://www.bilibili.com/video/BV18e411T7A8/?spm_id_from=333.337.search-card.all.click&vd_source=6374cb49b8a20f29e86ab9de12471afa,我对这个不尊重劳动人民的时代很失望,train
low_income28,0,###Privacy Limitation###,###Privacy Limitation###,train
low_income29,0,https://www.bilibili.com/video/BV18e411T7A8/?spm_id_from=333.337.search-card.all.click&vd_source=6374cb49b8a20f29e86ab9de12471afa,郑强：别瞧不起农民工，尊重农民工，这个社会就真正进步了！,train
low_income30,0,https://www.bilibili.com/video/BV1Ve411G78P/?spm_id_from=333.337.search-card.all.click&vd_source=6374cb49b8a20f29e86ab9de12471afa,凭什么叫工人从头再来？,train
low_income31,0,https://www.bilibili.com/video/BV1gy4y197KP/?spm_id_from=333.337.search-card.all.click&vd_source=6374cb49b8a20f29e86ab9de12471afa,工人阶级：我们不是牛马，我们是人，兄弟们快觉醒！,test
low_income32,0,###Privacy Limitation###,###Privacy Limitation###,test
low_income33,0,https://www.bilibili.com/video/BV1qu411q7wY/?spm_id_from=333.337.search-card.all.click&vd_source=6374cb49b8a20f29e86ab9de12471afa,男子连续8年给环卫工人提供免费早餐：这是我心中永远不变的信念,train
low_income34,0,https://www.bilibili.com/video/BV1zX4y1e7XD/?spm_id_from=333.337.search-card.all.click&vd_source=6374cb49b8a20f29e86ab9de12471afa,工人阶级不是所谓的人下人,train
low_income35,0,https://www.bilibili.com/video/BV1sH4y117C4/?spm_id_from=333.337.search-card.all.click&vd_source=6374cb49b8a20f29e86ab9de12471afa,凌晨五点给环卫工送早餐,train
low_income36,0,https://www.bilibili.com/video/BV1r34y1u7LW/?spm_id_from=333.337.search-card.all.click&vd_source=6374cb49b8a20f29e86ab9de12471afa,环卫工工资650，这么多年也不涨工资，还有人抢着干？,train
low_income37,0,https://www.bilibili.com/video/BV1HJ4m1u7Rv/?spm_id_from=333.337.search-card.all.click&vd_source=6374cb49b8a20f29e86ab9de12471afa,冒名景区环卫工人工资500万,test
low_income38,0,https://www.bilibili.com/video/BV1xo4y1T7h7/?spm_id_from=333.337.search-card.all.click&vd_source=6374cb49b8a20f29e86ab9de12471afa,泪目！环卫工妈妈在考场外等待高考的儿子，儿子出考场后两人激动流泪相拥！可怜天下父母心！,train
low_income39,0,https://www.bilibili.com/video/BV1ai421Y7ST/?spm_id_from=333.337.search-card.all.click&vd_source=6374cb49b8a20f29e86ab9de12471afa,为什么很多人对当下社会非常不满？,test
low_income40,0,https://www.bilibili.com/video/BV1zr4y197mi/?spm_id_from=333.337.search-card.all.click&vd_source=6374cb49b8a20f29e86ab9de12471afa,我站在最底层，看着周围。,train
low_income41,1,https://www.bilibili.com/video/BV1sz4y1z7av/?spm_id_from=333.337.search-card.all.click&vd_source=6374cb49b8a20f29e86ab9de12471afa,为什么中国人总是被歧视？,train
low_income42,0,https://www.bilibili.com/video/BV15S421o7ox/?spm_id_from=333.337.search-card.all.click&vd_source=6374cb49b8a20f29e86ab9de12471afa,过大的社会压力让底层劳动者不堪重负，社会戾气加重，给予他们足够的宽容和耐心，对自己也是一种保护,train
low_income43,0,https://www.bilibili.com/video/BV1EG411T73s/?spm_id_from=333.337.search-card.all.click&vd_source=6374cb49b8a20f29e86ab9de12471afa,现实有多少人活在底层，却还在苦苦挣扎？,train
low_income44,0,###Privacy Limitation###,###Privacy Limitation###,test
low_income45,0,https://www.bilibili.com/video/BV1A64y1d7SQ/?spm_id_from=333.337.search-card.all.click&vd_source=6374cb49b8a20f29e86ab9de12471afa,意大利公益广告，打消你对底层人士的偏见,test
low_income46,0,https://www.bilibili.com/video/BV1fJ4m1K7kc/?spm_id_from=333.337.search-card.all.click&vd_source=6374cb49b8a20f29e86ab9de12471afa,为什么底层人翻身很难？,train
low_income47,0,https://www.bilibili.com/video/BV1Bw41197WM/?spm_id_from=333.337.search-card.all.click&vd_source=6374cb49b8a20f29e86ab9de12471afa,不唱衰，不吹牛，不骗人，活在社会底层的悲惨文盲，都受尽压榨,train
low_income48,0,https://www.bilibili.com/video/BV1Vg4y1w7Xy/?spm_id_from=333.337.search-card.all.click&vd_source=6374cb49b8a20f29e86ab9de12471afa,不该为难底层百姓,train
low_income49,0,https://www.bilibili.com/video/BV1Gt4y137PC/?spm_id_from=333.337.search-card.all.click&vd_source=6374cb49b8a20f29e86ab9de12471afa,活生生把自己变成了最垃圾的底层人，我想一死了之,train
low_income50,0,https://www.bilibili.com/video/BV148411q7Ru/?spm_id_from=333.337.search-card.all.click&vd_source=6374cb49b8a20f29e86ab9de12471afa,年龄歧视上限越来越低，打工打的真是不容易,test
low_income51,0,https://www.bilibili.com/video/BV1nM4y1C7DP/?spm_id_from=333.337.search-card.all.click&vd_source=6374cb49b8a20f29e86ab9de12471afa,我后悔了！我就是没有文化 ，一些学历歧视我摊牌了 有点后悔没有好好学习,test
low_income52,0,https://www.bilibili.com/video/BV1Py4y1S7ai/?spm_id_from=333.337.search-card.all.click&vd_source=6374cb49b8a20f29e86ab9de12471afa,为什么大多数人永远只能处于社会底层？,train
low_income53,0,https://www.bilibili.com/video/BV1xH4y1a7jZ/?spm_id_from=333.337.search-card.all.click&vd_source=6374cb49b8a20f29e86ab9de12471afa,难道底层人民的命就不是命吗？,train
low_income54,0,https://www.bilibili.com/video/BV13L411a7Wv/?spm_id_from=333.337.search-card.all.click&vd_source=6374cb49b8a20f29e86ab9de12471afa,正面歧视，被歧视并不可耻,test
low_income55,0,https://www.bilibili.com/video/BV1Mn4y1X7LM/?spm_id_from=333.337.search-card.all.click&vd_source=6374cb49b8a20f29e86ab9de12471afa,种族歧视？在国外生活多年的她心情复杂......,train
low_income56,0,https://www.bilibili.com/video/BV1nP4y1y7At/?spm_id_from=333.337.search-card.all.click&vd_source=6374cb49b8a20f29e86ab9de12471afa,中国的专家们，已经彻彻底底脱离底层老百姓的生活圈子了,train
low_income57,0,https://www.bilibili.com/video/BV1AD4y1Q7Xu/?spm_id_from=333.337.search-card.all.click&vd_source=6374cb49b8a20f29e86ab9de12471afa,不满歧视和家庭暴力 瑞士上万名女性街头呐喊1分钟,test
low_income58,0,https://www.bilibili.com/video/BV1v5411R77S/?spm_id_from=333.337.search-card.all.click&vd_source=6374cb49b8a20f29e86ab9de12471afa,张雪峰谈他是如何从社会最底层成功的。,train
low_income59,0,https://www.bilibili.com/video/BV1P5411W7ee/?spm_id_from=333.337.search-card.all.click&vd_source=6374cb49b8a20f29e86ab9de12471afa,在国外被歧视性言语侮辱该不该回怼？#国外生活,train
low_income60,0,https://www.bilibili.com/video/BV15w411c7Tr/?spm_id_from=333.337.search-card.all.click&vd_source=6374cb49b8a20f29e86ab9de12471afa,我一向是底层视角，反对既得利益者的剥削，不曾改变。,train
low_income61,0,###Privacy Limitation###,###Privacy Limitation###,train
low_income62,0,###Privacy Limitation###,###Privacy Limitation###,train
low_income63,0,https://www.bilibili.com/video/BV1Cj411Y72k/?spm_id_from=333.337.search-card.all.click&vd_source=6374cb49b8a20f29e86ab9de12471afa,底层人的生活是文明的底线，可惜一次又一次的被击穿,train
low_income64,0,https://www.bilibili.com/video/BV1Ct4y1Z7y8/?spm_id_from=333.337.search-card.all.click&vd_source=6374cb49b8a20f29e86ab9de12471afa,专家：赞美穷人的苦难，是一个社会的耻辱，并不是正能量,train
low_income65,0,https://www.bilibili.com/video/BV1oN4y1r7LF/?spm_id_from=333.337.search-card.all.click&vd_source=6374cb49b8a20f29e86ab9de12471afa,爸妈在国外被歧视...我很愧疚想选择忍气吞声,train
low_income66,0,https://www.bilibili.com/video/BV1wU4y1Z7SR/?spm_id_from=333.337.search-card.all.click&vd_source=6374cb49b8a20f29e86ab9de12471afa,绝大部分的优越感都来源于自卑， 绝大部分的势利眼也只是人类还未驯化的劣根性。 唯有走出偏见，以不卑不亢的态度面对世人，才能真正的拥抱平等和我们每一个人自身的价值,train
low_income67,0,https://www.bilibili.com/video/BV1q24y157jL/?spm_id_from=333.337.search-card.all.click&vd_source=6374cb49b8a20f29e86ab9de12471afa,如果没有人为底层站出来发声，这是社会的悲哀,train
low_income68,0,https://www.bilibili.com/video/BV1Ng4y1A7pB/?spm_id_from=333.337.search-card.all.click&vd_source=6374cb49b8a20f29e86ab9de12471afa,这个社会压倒年轻人的最后一根稻草是什么？,train
low_income69,0,https://www.bilibili.com/video/BV1y1421r7nv/?spm_id_from=333.337.search-card.all.click&vd_source=6374cb49b8a20f29e86ab9de12471afa,未明子：这些高学历“精英”你们凭什么歧视劳动者子女？就凭“卵巢彩票？”,train
low_income70,1,https://www.bilibili.com/video/BV1c14y1F7pA/?spm_id_from=333.337.search-card.all.click&vd_source=6374cb49b8a20f29e86ab9de12471afa,农民工坐地铁遭“藓女”歧视，初中生说：“人人生而平等”,train
low_income71,1,https://www.bilibili.com/video/BV1hS4y1u71w/?spm_id_from=333.337.search-card.all.click&vd_source=6374cb49b8a20f29e86ab9de12471afa,农民工图书馆看书遭歧视，陌生大叔愤而发声,train
low_income72,1,https://www.bilibili.com/video/BV17f421Q722/?spm_id_from=333.337.search-card.all.click&vd_source=6374cb49b8a20f29e86ab9de12471afa,狂妄大学生瞧不起农民工，怒斥农民工没文化工资却比他们高，结果被怼的哑口无言。,train
low_income73,1,https://www.bilibili.com/video/BV1Nj411u7AZ/?spm_id_from=333.337.search-card.all.click&vd_source=6374cb49b8a20f29e86ab9de12471afa,大学生质疑农民工拿高工资，反问凭啥拿高薪，结果被怼的哑口无言,test
low_income74,1,https://www.bilibili.com/video/BV1hKYke1EJL/?spm_id_from=333.337.search-card.all.click&vd_source=6374cb49b8a20f29e86ab9de12471afa,（补档）上海大学说唱社sdsc侮辱农民工原视频,test
low_income75,1,https://www.bilibili.com/video/BV1aM411F73z/?spm_id_from=333.337.search-card.all.click&vd_source=6374cb49b8a20f29e86ab9de12471afa,【百便马腚】路人嘲讽农民工被马腚制裁 豆瓣评分0.0,test
low_income76,1,https://www.bilibili.com/video/BV1WY4y147ht/?spm_id_from=333.337.search-card.all.click&vd_source=6374cb49b8a20f29e86ab9de12471afa,老师歧视穷学生，怒骂“越穷越没素质”，路人怒斥妄为人师,train
low_income77,1,https://www.bilibili.com/video/BV1kR4y1J7gM/?spm_id_from=333.337.search-card.all.click&vd_source=6374cb49b8a20f29e86ab9de12471afa,嘲笑男人吃10元快餐！讽刺农民工！你3000月薪，阶级观念真丑陋！,train
low_income78,1,https://www.bilibili.com/video/BV1vK411m7hq/?spm_id_from=333.337.search-card.all.click&vd_source=6374cb49b8a20f29e86ab9de12471afa,免费品尝的咖啡，农民工没有这个权利吗？谁说他们买不起了？,train
low_income79,1,https://www.bilibili.com/video/BV1qP4y1R7ju/?spm_id_from=333.337.search-card.all.click&vd_source=6374cb49b8a20f29e86ab9de12471afa,农民工进店吃饭，竟被老板拒之门外，老板：我歧视农民工,train
low_income80,1,https://www.bilibili.com/video/BV1p1421r7HC/?spm_id_from=333.337.search-card.all.click&vd_source=6374cb49b8a20f29e86ab9de12471afa,“天塌下来有我们工人顶着！”,test
low_income81,1,https://www.bilibili.com/video/BV1qk4y1W7UC/?spm_id_from=333.337.search-card.all.click&vd_source=6374cb49b8a20f29e86ab9de12471afa,排队被一个环卫工公然谩骂歧视，说“大陆人为什么要来香港？香港不欢迎你！滚回去你们大陆，你们大陆女人来这里都是做鸡”。,train
low_income82,1,https://www.bilibili.com/video/BV1Fs4y127GH/?spm_id_from=333.337.search-card.all.click&vd_source=6374cb49b8a20f29e86ab9de12471afa,女子遛狗不栓绳，吓到环卫工阿姨，竟要求阿姨给狗下跪道歉！,train
low_income83,1,https://www.bilibili.com/video/BV1n14y1G7WT/?spm_id_from=333.337.search-card.all.click&vd_source=6374cb49b8a20f29e86ab9de12471afa,越是底层的人越势利眼,train
low_income84,1,https://www.bilibili.com/video/BV1Ts421M76K/?spm_id_from=333.337.search-card.all.click&vd_source=6374cb49b8a20f29e86ab9de12471afa,远离社会底层的低级捞女,train
low_income85,1,https://www.bilibili.com/video/BV1MU421Z7Zj/?spm_id_from=333.337.search-card.all.click&vd_source=6374cb49b8a20f29e86ab9de12471afa,为什么穷人喜欢“内斗”，底层互相拉踩，而不是帮助,train
low_income86,1,https://www.bilibili.com/video/BV1HM4y1b7o6/?spm_id_from=333.337.search-card.all.click&vd_source=6374cb49b8a20f29e86ab9de12471afa,欺压国人的并不是资本压榨，而是我们中那些所谓的“精英”,train
low_income87,1,https://www.bilibili.com/video/BV1i8411177h/?spm_id_from=333.337.search-card.all.click&vd_source=6374cb49b8a20f29e86ab9de12471afa,越是底层的人越是喜欢为难别人,train
low_income88,1,https://www.bilibili.com/video/BV1Lu411X7Xe/?spm_id_from=333.337.search-card.all.click&vd_source=6374cb49b8a20f29e86ab9de12471afa,千万不要跟底层的人去争论,train
low_income89,1,https://www.bilibili.com/video/BV1mS4y1h7s1/?spm_id_from=333.337.search-card.all.click&vd_source=6374cb49b8a20f29e86ab9de12471afa,“蒋舒婷歧视底层粉丝职业，直言谁会看得上她?”,train
low_income90,1,https://www.bilibili.com/video/BV1ep421R7vS/?spm_id_from=333.337.search-card.all.click&vd_source=6374cb49b8a20f29e86ab9de12471afa,底层人很难成长,test
low_income91,1,https://www.bilibili.com/video/BV19a411j7EU/?spm_id_from=333.337.search-card.all.click&vd_source=6374cb49b8a20f29e86ab9de12471afa,如何面对歧视,train
low_income92,1,https://www.bilibili.com/video/BV1mP411W7ZF/?spm_id_from=333.337.search-card.all.click&vd_source=6374cb49b8a20f29e86ab9de12471afa,人拼死也要脱离社会底层。,train
low_income93,1,###Privacy Limitation###,###Privacy Limitation###,train
low_income94,1,https://www.bilibili.com/video/BV1MH4y1D736/?spm_id_from=333.337.search-card.all.click&vd_source=6374cb49b8a20f29e86ab9de12471afa,很多基层员工总提爱国！是因为家庭环境差，人自卑又无知,train
low_income95,0,https://www.bilibili.com/video/BV1jJ4m1T7f6/?spm_id_from=333.337.search-card.all.click&vd_source=6374cb49b8a20f29e86ab9de12471afa,冰冷的社会真相，底层孩子接触到上层社会，会有多震撼,train
low_income96,0,https://www.bilibili.com/video/BV1mv4y1K7xs/?spm_id_from=333.337.search-card.all.click&vd_source=6374cb49b8a20f29e86ab9de12471afa,歧视，优越感，焦虑。这些现象背后的底层逻辑到底是什么,train
low_income97,0,https://www.bilibili.com/video/BV1hU4y127mr/?spm_id_from=333.337.search-card.all.click&vd_source=6374cb49b8a20f29e86ab9de12471afa,底层的“恶”，比我弱就欺负你，想要获得尊重而内心胆小,train
low_income98,0,https://www.bilibili.com/video/BV1y1421r7nv/?spm_id_from=333.337.search-card.all.click,未明子：这些高学历“精英”你们凭什么歧视劳动者子女？就凭“卵巢彩票？”,train
low_income99,0,https://www.bilibili.com/video/BV1R14y1d764/?spm_id_from=333.337.search-card.all.click&vd_source=6374cb49b8a20f29e86ab9de12471afa,总有人觉得自己高人一等！底层人为难底层,train
low_income100,0,https://www.bilibili.com/video/BV1Hu4m1u7CR/?spm_id_from=333.337.search-card.all.click&vd_source=6374cb49b8a20f29e86ab9de12471afa,底层社会的真相：为什么穷人的孩子还是穷人？【黄启团】,train
low_income101,0,https://www.bilibili.com/video/BV1uC4y1g7rk/?spm_id_from=333.337.search-card.all.click,《底层家长认知》,train
low_income102,0,https://www.bilibili.com/video/BV1DT411k7a8/?spm_id_from=333.337.search-card.all.click&vd_source=6374cb49b8a20f29e86ab9de12471afa,zg底层人民过的是真惨,train
low_income103,0,https://www.bilibili.com/video/BV1mf421X7iL/?spm_id_from=333.337.search-card.all.click&vd_source=6374cb49b8a20f29e86ab9de12471afa,身处底层，一定要远离熟人,test
low_income104,0,###Privacy Limitation###,###Privacy Limitation###,train
low_income105,0,https://www.bilibili.com/video/BV19N4y1X7kK/?spm_id_from=333.337.search-card.all.click,为什么社会的底层，都喜欢人踩人？,test
low_income106,0,https://www.bilibili.com/video/BV1fu4y1Z7YS/?spm_id_from=333.337.search-card.all.click&vd_source=6374cb49b8a20f29e86ab9de12471afa,自私、冷漠、内斗是中国人的劣根性吗？,train
low_income107,0,https://www.bilibili.com/video/BV1cd4y1N7Bc/?spm_id_from=333.337.search-card.all.click,艾跃进教授谈不要看不起底层人,test
low_income108,0,https://www.bilibili.com/video/BV191421r7YA/?spm_id_from=333.337.search-card.all.click&vd_source=6374cb49b8a20f29e86ab9de12471afa,学历低，环境差，还有出路吗？,train
low_income109,0,https://www.bilibili.com/video/BV1MZ421T73L/?spm_id_from=333.337.search-card.all.click&vd_source=6374cb49b8a20f29e86ab9de12471afa,社会真正的文明，是对待最底层人民的关怀与尊重,train
low_income110,0,https://www.bilibili.com/video/BV1sM411a72p/?spm_id_from=333.337.search-card.all.click&vd_source=6374cb49b8a20f29e86ab9de12471afa,能从底层杀出来的人往往具有八种混社会的本事,train
low_income111,0,https://www.bilibili.com/video/BV18W4y1V7NN/?spm_id_from=333.337.search-card.all.click&vd_source=6374cb49b8a20f29e86ab9de12471afa,为了自己的儿女，别再做社会底层人了,train
low_income112,0,https://www.bilibili.com/video/BV15b8KeVEtF/?spm_id_from=333.337.search-card.all.click&vd_source=6374cb49b8a20f29e86ab9de12471afa,底层社会别谦虚,train
low_income113,0,https://www.bilibili.com/video/BV1xH4y1a7jZ/?spm_id_from=333.337.search-card.all.click,难道底层人民的命就不是命吗？,train
low_income114,0,###Privacy Limitation###,###Privacy Limitation###,train
low_income115,0,https://www.bilibili.com/video/BV1UA411i7DW/?spm_id_from=333.337.search-card.all.click&vd_source=6374cb49b8a20f29e86ab9de12471afa,一个受歧视黑人和一个底层白人，谁更悲惨？,train
low_income116,0,https://www.bilibili.com/video/BV1tVeteqEez/?spm_id_from=333.337.search-card.all.click,这几年底层男性的话题会变得非常敏感，尤其是逃不开要面对这些问题的基层工作人员，更是会被反复拷问,train
low_income117,1,https://www.bilibili.com/video/BV1aL411o7rS/?spm_id_from=333.337.search-card.all.click&vd_source=6374cb49b8a20f29e86ab9de12471afa,社会底层人性的阴暗面到底有多可怕？,train
low_income118,1,https://www.bilibili.com/video/BV1Ar4y1x7Eg/?spm_id_from=333.337.search-card.all.click&vd_source=6374cb49b8a20f29e86ab9de12471afa,不要去跟底层的人去争论,train
low_income119,1,###Privacy Limitation###,###Privacy Limitation###,train
low_income121,1,https://www.bilibili.com/video/BV1H14y1S7hi/?spm_id_from=333.337.search-card.all.click&vd_source=6374cb49b8a20f29e86ab9de12471afa,被歧视是低学历人群的命运,train
low_income122,1,https://www.bilibili.com/video/BV1K54y1L7RS/?spm_id_from=333.337.search-card.all.click&vd_source=6374cb49b8a20f29e86ab9de12471afa,底层人民就不配被尊重吗？,test
low_income123,1,https://www.bilibili.com/video/BV1mY4y1n7S8/?spm_id_from=333.337.search-card.all.click&vd_source=6374cb49b8a20f29e86ab9de12471afa,千万不要和底层人去争论,train
low_income124,1,https://www.bilibili.com/video/BV1cD421j7T1/?spm_id_from=333.337.search-card.all.click&vd_source=6374cb49b8a20f29e86ab9de12471afa,自己不行怨社会,train
low_income125,1,https://www.bilibili.com/video/BV1ZM4y1a7nJ/?spm_id_from=333.337.search-card.all.click&vd_source=6374cb49b8a20f29e86ab9de12471afa,因为本科是二本，这个名校硕士在面试时屡遭歧视,train
low_income126,1,https://www.bilibili.com/video/BV16y4y1h7DR/?spm_id_from=333.337.search-card.all.click&vd_source=6374cb49b8a20f29e86ab9de12471afa,贫富差距的碰撞，我想只有生活在底层的人，才能看懂,train
low_income127,1,https://www.bilibili.com/video/BV1wb421n7Cp/?spm_id_from=333.337.search-card.all.click&vd_source=6374cb49b8a20f29e86ab9de12471afa,越是底层人，越是互相伤害？,train
single_parent01,1,https://www.bilibili.com/video/BV1ZM411P7Ns/?spm_id_from=333.337.search-card.all.click&vd_source=6374cb49b8a20f29e86ab9de12471afa,不要追单亲家庭的女生,train
single_parent02,1,https://www.bilibili.com/video/BV1Pd4y187Kx/?spm_id_from=333.337.search-card.all.click&vd_source=6374cb49b8a20f29e86ab9de12471afa,和单亲家庭长大的女生结婚最重要的三个问题,test
single_parent03,1,https://www.bilibili.com/video/BV1Ef4y1J7aS/?spm_id_from=333.337.search-card.all.click&vd_source=6374cb49b8a20f29e86ab9de12471afa,李玫瑾：单亲家庭的孩子怎么教育？,test
single_parent04,0,https://www.bilibili.com/video/BV1rV4y1H7xa/?spm_id_from=333.337.search-card.all.click&vd_source=6374cb49b8a20f29e86ab9de12471afa,两个单亲家庭的人 组成了一个幸福的新家庭,train
single_parent05,1,https://www.bilibili.com/video/BV1yZvCe1E4V/?spm_id_from=333.337.search-card.all.click&vd_source=6374cb49b8a20f29e86ab9de12471afa,难道单亲家庭长大的孩子，就该低人一等吗,test
single_parent06,1,https://www.bilibili.com/video/BV1ML411f7jf/?spm_id_from=333.337.search-card.all.click&vd_source=6374cb49b8a20f29e86ab9de12471afa,单亲家庭给孩子带来了什么？,train
single_parent07,1,https://www.bilibili.com/video/BV1Va411L7oC/?spm_id_from=333.337.search-card.all.click&vd_source=6374cb49b8a20f29e86ab9de12471afa,单亲母亲为了保护女儿，竟然和别的男人交易！,train
single_parent08,1,https://www.bilibili.com/video/BV1dR4y1Q7KV/?spm_id_from=333.337.search-card.all.click&vd_source=6374cb49b8a20f29e86ab9de12471afa,单亲妈妈培养的儿子，都会有点娘,train
single_parent09,1,https://www.bilibili.com/video/BV1Db411B7CF/?spm_id_from=333.337.search-card.all.click&vd_source=6374cb49b8a20f29e86ab9de12471afa,非诚勿扰：男子歧视单亲妈妈，遭全场灭灯，被孟非直接赶下台，真解气,train
single_parent10,1,https://www.bilibili.com/video/BV1tz421r758/?spm_id_from=333.337.search-card.all.click&vd_source=6374cb49b8a20f29e86ab9de12471afa,男子在餐厅歧视单亲妈妈，结局很爽,train
single_parent11,1,https://www.bilibili.com/video/BV1mV411s7pq/?spm_id_from=333.337.search-card.all.click&vd_source=6374cb49b8a20f29e86ab9de12471afa,生活心理】有没有人真的很讨厌自己的妈妈？,train
single_parent12,1,https://www.bilibili.com/video/BV1Aw4m1q7Cz/?spm_id_from=333.337.search-card.all.click&vd_source=6374cb49b8a20f29e86ab9de12471afa,全网热议的“女儿出钱给母亲生儿子”，暴露老一辈最可怕的一面【重男轻女】【生儿子】【原生家庭】,train
single_parent13,1,https://www.bilibili.com/video/BV14g41187Jw/?spm_id_from=333.337.search-card.all.click&vd_source=6374cb49b8a20f29e86ab9de12471afa,单亲妈妈的心酸不是每个人都能理解的,train
single_parent14,1,https://www.bilibili.com/video/BV1h14y1R7m9/?spm_id_from=333.337.search-card.all.click&vd_source=6374cb49b8a20f29e86ab9de12471afa,父母离异对孩子的伤害有多大，离异的孩子是没有家的！,test
single_parent15,1,https://www.bilibili.com/video/BV1UY41187SM/?spm_id_from=333.337.search-card.all.click&vd_source=6374cb49b8a20f29e86ab9de12471afa,母亲为了保护女儿，女儿却不理解,train
single_parent16,1,https://www.bilibili.com/video/BV1Ka4y1F7de/?spm_id_from=333.337.search-card.all.click&vd_source=6374cb49b8a20f29e86ab9de12471afa,单亲妈妈不是遮羞布！,train
single_parent17,1,https://www.bilibili.com/video/BV1bL4y1j7D6/?spm_id_from=333.337.search-card.all.click&vd_source=6374cb49b8a20f29e86ab9de12471afa,“你有心理缺陷吧？”单亲女孩遭准婆婆歧视，男生暖心劝诫,train
single_parent18,1,https://www.bilibili.com/video/BV1cG4y1R72f/?spm_id_from=333.337.search-card.all.click&vd_source=6374cb49b8a20f29e86ab9de12471afa,原生家庭有多重要,train
single_parent19,1,https://www.bilibili.com/video/BV193411N74U/?spm_id_from=333.337.search-card.all.click&vd_source=6374cb49b8a20f29e86ab9de12471afa,毁掉一个女孩往往都是从爸爸开始的,train
single_parent21,1,https://www.bilibili.com/video/BV13J411T77e/?spm_id_from=333.337.search-card.all.click&vd_source=6374cb49b8a20f29e86ab9de12471afa,为什么女生不愿意嫁给单亲家庭的男生？美女说出了实话,train
single_parent22,1,https://www.bilibili.com/video/BV19W421w7p4/?spm_id_from=333.337.search-card.all.click&vd_source=6374cb49b8a20f29e86ab9de12471afa,中国父母别再用自己的付出毁掉孩子,train
single_parent23,1,https://www.bilibili.com/video/BV14W411A7wK/?spm_id_from=333.337.search-card.all.click&vd_source=6374cb49b8a20f29e86ab9de12471afa,男生愿意找个单亲家庭的女生做女友吗？小哥回答果然没让大家失望,train
single_parent24,1,https://www.bilibili.com/video/BV12V4y1o7uu/?spm_id_from=333.337.search-card.all.click&vd_source=6374cb49b8a20f29e86ab9de12471afa,只因是单亲家庭，竟被同学和家长排挤。#张雨绮#董洁,train
single_parent25,1,https://www.bilibili.com/video/BV173411M7dd/?spm_id_from=333.337.search-card.all.click&vd_source=6374cb49b8a20f29e86ab9de12471afa,父母离异的家庭对孩子的伤害到底有多大？同样是亲骨肉区别也太大了吧…,train
single_parent26,1,https://www.bilibili.com/video/BV1gK4y1b7pJ/?spm_id_from=333.337.search-card.all.click&vd_source=6374cb49b8a20f29e86ab9de12471afa,请善待单亲家庭的孩子,test
single_parent28,0,https://www.bilibili.com/video/BV1jb411t7gU/?spm_id_from=333.337.search-card.all.click&vd_source=6374cb49b8a20f29e86ab9de12471afa,“一个”单亲母亲的独白,train
single_parent29,0,https://www.bilibili.com/video/BV1iP4y1w77n/?spm_id_from=333.337.search-card.all.click&vd_source=6374cb49b8a20f29e86ab9de12471afa,单亲家庭对孩子的影响实在太大了,train
single_parent30,0,https://www.bilibili.com/video/BV1no4y1Q7xp/?spm_id_from=333.337.search-card.all.click&vd_source=6374cb49b8a20f29e86ab9de12471afa,单亲女儿对爸爸哭诉想妈妈，哭的撕心裂肺，一句话让爸爸揪心不已,train
single_parent31,0,https://www.bilibili.com/video/BV1NV4y1Z7tx/?spm_id_from=333.337.search-card.all.click&vd_source=6374cb49b8a20f29e86ab9de12471afa,单亲母亲真不容易,train
single_parent32,0,https://www.bilibili.com/video/BV1fo4y1M7fp/?spm_id_from=333.337.search-card.all.click&vd_source=6374cb49b8a20f29e86ab9de12471afa,两性情感：单亲妈妈带儿子最易遭遇的心理创伤,train
single_parent33,0,https://www.bilibili.com/video/BV1ra4y1z79u/?spm_id_from=333.337.search-card.all.click&vd_source=6374cb49b8a20f29e86ab9de12471afa,单亲妈妈的无力感，没人能解决,train
single_parent34,0,https://www.bilibili.com/video/BV1C14y1h7ma/?spm_id_from=333.337.search-card.all.click&vd_source=6374cb49b8a20f29e86ab9de12471afa,成为单亲妈妈一年了，没有所谓的逆袭传奇，偶尔也会焦虑，压力大的时候会失眠，日子一天天的重复着，好像什么都没变，又好像什么都变了，日子渺小重复却都是幸福！,train
single_parent35,0,https://www.bilibili.com/video/BV1se4y1N79r/?spm_id_from=333.337.search-card.all.click&vd_source=6374cb49b8a20f29e86ab9de12471afa,单亲家庭和单亲家庭的孩子都不应该被歧视！,train
single_parent36,0,https://www.bilibili.com/video/BV1v14y1n7HA/?spm_id_from=333.337.search-card.all.click&vd_source=6374cb49b8a20f29e86ab9de12471afa,“我在单亲家庭生活了22年，最害怕别人问起我从未见过的爸爸，因为我不知道该怎么回答”,train
single_parent37,0,https://www.bilibili.com/video/BV163411B7CP/?spm_id_from=333.337.search-card.all.click&vd_source=6374cb49b8a20f29e86ab9de12471afa,单亲家庭长大的孩子：“我讨厌父母为了我而不离婚的家庭···”,test
single_parent38,0,https://www.bilibili.com/video/BV1oi4y1i73k/?spm_id_from=333.337.search-card.all.click&vd_source=6374cb49b8a20f29e86ab9de12471afa,母亲去世 父亲再婚 被亲戚领养，原生家庭的伤害对自己的影响,train
single_parent40,0,https://www.bilibili.com/video/BV1cM411J7K2/?spm_id_from=333.337.search-card.all.click&vd_source=6374cb49b8a20f29e86ab9de12471afa,女儿得知1年学费要5万哭成泪人，单亲妈妈：穷什么不能穷教育,train
single_parent41,0,https://www.bilibili.com/video/BV15Y41157FQ/?spm_id_from=333.337.search-card.all.click&vd_source=6374cb49b8a20f29e86ab9de12471afa,谷爱凌被问：单亲家庭对你有影响吗？随后谷爱凌的回答，太意外了,train
single_parent42,0,https://www.bilibili.com/video/BV1cc411J7Mp/?spm_id_from=333.337.search-card.all.click&vd_source=6374cb49b8a20f29e86ab9de12471afa,非洲男孩先天畸形，单亲母亲20年不离不弃,train
single_parent43,0,https://www.bilibili.com/video/BV1Pt4y1P72D/?spm_id_from=333.337.search-card.all.click&vd_source=6374cb49b8a20f29e86ab9de12471afa,21岁单亲妈妈送外卖遭歧视，被婆婆赶出家门惹争议，官媒亲自为其撑腰,train
single_parent44,0,https://www.bilibili.com/video/BV1xW4y1v7yn/?spm_id_from=333.337.search-card.all.click&vd_source=6374cb49b8a20f29e86ab9de12471afa,单亲妈妈就是不好的？,train
single_parent45,0,https://www.bilibili.com/video/BV1Qh411j7eJ/?spm_id_from=333.337.search-card.all.click&vd_source=6374cb49b8a20f29e86ab9de12471afa,家长会上妈妈深情发言，不一样孩子过早步入社会，可怜天下父母心！,train
single_parent46,0,https://www.bilibili.com/video/BV1jW411C7NL/?spm_id_from=333.337.search-card.all.click&vd_source=6374cb49b8a20f29e86ab9de12471afa,最讨厌的妈妈却给了我们最温馨的家，你是否也曾怨恨这样的母亲？,test
single_parent47,0,https://www.bilibili.com/video/BV1GA411F7Pa/?spm_id_from=333.337.search-card.all.click&vd_source=6374cb49b8a20f29e86ab9de12471afa,“我有点不想活了”大连20岁单亲妈妈报警诉苦，结局太暖心,train
single_parent48,0,https://www.bilibili.com/video/BV1Th411b7mG/?spm_id_from=333.337.search-card.all.click&vd_source=6374cb49b8a20f29e86ab9de12471afa,双亲家庭黑社会般的生活，真的不如单亲家庭吗？希望恶魔少一点！离婚对很多人来说都是解脱。没有人会拿婚姻当儿戏。,train
single_parent49,0,https://www.bilibili.com/video/BV1zo4y1Q7FE/?spm_id_from=333.337.search-card.all.click&vd_source=6374cb49b8a20f29e86ab9de12471afa,"白领母亲结束双胞胎儿子生命,邻居却对其深感理解,直言很可怜",train
single_parent50,0,https://www.bilibili.com/video/BV1Cf4y1Q7Fg/?spm_id_from=333.337.search-card.all.click&vd_source=6374cb49b8a20f29e86ab9de12471afa,作为单亲妈妈你可曾有过这样的瞬间？,train
single_parent51,0,https://www.bilibili.com/video/BV1HZ4y1h71b/?spm_id_from=333.337.search-card.all.click&vd_source=6374cb49b8a20f29e86ab9de12471afa,太真实！我们都是被妈妈“骗”着长大的,train
single_parent52,0,https://www.bilibili.com/video/BV1cT411s7UK/?spm_id_from=333.337.search-card.all.click&vd_source=6374cb49b8a20f29e86ab9de12471afa,看完你还有勇气选择做单亲妈妈吗？单亲妈妈没有你想象的那么容易，在没做好准备前不要冲动，这就是我每天真实的生活状态，虽然像陀螺一样转不停但依然觉得人间值得未来可期,train
single_parent53,0,https://www.bilibili.com/video/BV1eh4y1G77V/?spm_id_from=333.337.search-card.all.click&vd_source=6374cb49b8a20f29e86ab9de12471afa,单亲家庭的小孩多懂事，男孩叮嘱再嫁的母亲,test
single_parent54,0,https://www.bilibili.com/video/BV1Ei4y1P7Lz/?spm_id_from=333.337.search-card.all.click&vd_source=6374cb49b8a20f29e86ab9de12471afa,为什么单亲妈妈是最不容易的一个群体！,test
single_parent55,0,https://www.bilibili.com/video/BV1cT411p7gz/?spm_id_from=333.337.search-card.all.click&vd_source=6374cb49b8a20f29e86ab9de12471afa,请善待，每一个单亲妈妈,train
single_parent56,0,https://www.bilibili.com/video/BV1aF4m1P7Nk/?spm_id_from=333.337.search-card.all.click&vd_source=6374cb49b8a20f29e86ab9de12471afa,我一个单亲妈妈带着两个孩子，刚和他在一起时，配得感很低,train
single_parent57,0,https://www.bilibili.com/video/BV18H4y1c7y9/?spm_id_from=333.337.search-card.all.click&vd_source=6374cb49b8a20f29e86ab9de12471afa,养母去世，我认了生父母！但是我总觉得她们还是不愿把我当女儿呢？,test
single_parent58,0,https://www.bilibili.com/video/BV1nV4y1x7V9/?spm_id_from=333.337.search-card.all.click&vd_source=6374cb49b8a20f29e86ab9de12471afa,比要钱还可耻的啃老方式出现了，父母浑然不知，还觉得子女很优秀,train
single_parent59,0,https://www.bilibili.com/video/BV1eR4y1b7Py/?spm_id_from=333.337.search-card.all.click&vd_source=6374cb49b8a20f29e86ab9de12471afa,女儿患上了白血病，三观超正的单亲妈妈，用坚强和乐观温暖着孩子,train
single_parent60,0,https://www.bilibili.com/video/BV1nM4y1J79o/?spm_id_from=333.337.search-card.all.click&vd_source=6374cb49b8a20f29e86ab9de12471afa,是大龄妈妈，也是大龄妈妈的女儿，我从未自卑,train
single_parent61,0,https://www.bilibili.com/video/BV1XA411L7SP/?spm_id_from=333.337.search-card.all.click&vd_source=6374cb49b8a20f29e86ab9de12471afa,心理专家解读抚顺6岁女童被虐案：孩子妈妈男友系反社会人格【邻居谈6岁被虐女童亲妈及其男友 ：常带女孩玩，没想到这么狠心】,train
single_parent62,0,https://www.bilibili.com/video/BV1MP411f7Yt/?spm_id_from=333.337.search-card.all.click&vd_source=6374cb49b8a20f29e86ab9de12471afa,女孩父母离婚没人抚养，姑姑坚持将其抚养长大，网友：这就是亲妈,train
single_parent63,0,https://www.bilibili.com/video/BV1FX4y187uW/?spm_id_from=333.337.search-card.all.click&vd_source=6374cb49b8a20f29e86ab9de12471afa,女孩被抛弃长大后拒认亲生父母，央视网：于情于理于法，她都可以拒绝,train
single_parent64,0,https://www.bilibili.com/video/BV1JX4y1o72F/?spm_id_from=333.337.search-card.all.click&vd_source=6374cb49b8a20f29e86ab9de12471afa,35岁单亲妈妈和儿子负债的出租屋生活,train
single_parent65,0,https://www.bilibili.com/video/BV1WM41157iK/?spm_id_from=333.337.search-card.all.click&vd_source=6374cb49b8a20f29e86ab9de12471afa,单亲家庭最担心的事莫过于……,test
single_parent66,0,https://www.bilibili.com/video/BV1fp4y187HF/?spm_id_from=333.337.search-card.all.click&vd_source=6374cb49b8a20f29e86ab9de12471afa,【育言】单亲家庭就有问题吗？离婚后变成怨妇，才是对不起自己和孩子,train
single_parent67,0,https://www.bilibili.com/video/BV1Se4y1c7jD/?spm_id_from=333.337.search-card.all.click&vd_source=6374cb49b8a20f29e86ab9de12471afa,作为单亲家庭的孩子很可怜吗？但我们很幸福,train
single_parent68,0,https://www.bilibili.com/video/BV1wuYeerEhp/?spm_id_from=333.337.search-card.all.click&vd_source=6374cb49b8a20f29e86ab9de12471afa,过于在乎原生家庭，不会有积极正面的影响……,test
single_parent82,0,https://www.bilibili.com/video/BV16e4y1H7uc/?spm_id_from=333.337.search-card.all.click&vd_source=6374cb49b8a20f29e86ab9de12471afa,父亲家暴，继母冷眼，离异家庭的孩子该怎么办,train
single_parent83,0,https://www.bilibili.com/video/BV1B64y1r7wD/?spm_id_from=333.337.search-card.all.click&vd_source=6374cb49b8a20f29e86ab9de12471afa,英文采访美国单亲爸爸：糟糕的原生家庭让我变得更好,train
single_parent84,0,https://www.bilibili.com/video/BV14S4y1a7jH/?spm_id_from=333.788.recommend_more_video.1&vd_source=6374cb49b8a20f29e86ab9de12471afa,单亲家庭长大的男生，到底能不能嫁？看他能否做到这3点就行了！,test
single_parent85,0,https://www.bilibili.com/video/BV1m94y1q7Vk/?spm_id_from=333.788.recommend_more_video.4&vd_source=6374cb49b8a20f29e86ab9de12471afa,单亲家庭的孩子 好像随时都在被他们遗忘。#胡先煦,test
single_parent86,0,https://www.bilibili.com/video/BV17M4y1a7J9/?spm_id_from=333.337.search-card.all.click&vd_source=6374cb49b8a20f29e86ab9de12471afa,“单亲家庭”对孩子有什么影响？ 这些你都知道吗？,train
single_parent87,0,https://www.bilibili.com/video/BV1et421j7ii/?spm_id_from=333.337.search-card.all.click&vd_source=6374cb49b8a20f29e86ab9de12471afa,单亲家庭的孩子一定性格差吗？,train
single_parent88,0,https://www.bilibili.com/video/BV1uT4y1h74z/?spm_id_from=333.337.search-card.all.click&vd_source=6374cb49b8a20f29e86ab9de12471afa,王子文：我很敏感，是因为我的单亲家庭造成的，这个创伤，我会带一辈子,train
single_parent89,0,https://www.bilibili.com/video/BV1P54y1M7ms/?spm_id_from=333.337.search-card.all.click&vd_source=6374cb49b8a20f29e86ab9de12471afa,单亲爸爸带着女儿生活了6年，谈到生活费泪磞了,train
single_parent90,0,https://www.bilibili.com/video/BV1q24y1e7Qz/?spm_id_from=333.337.search-card.all.click&vd_source=6374cb49b8a20f29e86ab9de12471afa,单亲家庭的孩子，懂事的让人心疼,train
single_parent92,0,https://www.bilibili.com/video/BV19B4y1m7qf/?spm_id_from=333.337.search-card.all.click&vd_source=6374cb49b8a20f29e86ab9de12471afa,单亲家庭的孩子有什么心理？,train
single_parent93,0,https://www.bilibili.com/video/BV1G3411Z7bp/?spm_id_from=333.337.search-card.all.click&vd_source=6374cb49b8a20f29e86ab9de12471afa,关于单亲家庭女生在恋爱中性格的剖析,train
single_parent94,0,https://www.bilibili.com/video/BV1ph4y1D7cU/?spm_id_from=333.337.search-card.all.click&vd_source=6374cb49b8a20f29e86ab9de12471afa,离婚的后果为什么都是孩子在承担，女孩崩溃哭要妈妈，瞬间泪目?,test
single_parent95,0,https://www.bilibili.com/video/BV1P4421A7DS/?spm_id_from=333.337.search-card.all.click&vd_source=6374cb49b8a20f29e86ab9de12471afa,资本极度垄断下，像我这样的单亲妈妈，还有没有活路？,train
single_parent96,0,https://www.bilibili.com/video/BV1C34y1H74h/?spm_id_from=333.337.search-card.all.click&vd_source=6374cb49b8a20f29e86ab9de12471afa,爱上了单亲家庭的女生，如何相处？,train
single_parent97,1,https://www.bilibili.com/video/BV1pG4y1N77W/?spm_id_from=333.337.search-card.all.click&vd_source=6374cb49b8a20f29e86ab9de12471afa,单亲妈妈去公司面试，被人瞧不起，一个举动被破格录取！,train
single_parent98,0,https://www.bilibili.com/video/BV1KN4y147oL/?spm_id_from=333.337.search-card.all.click&vd_source=6374cb49b8a20f29e86ab9de12471afa,美国的单亲家庭你知道多少,train
single_parent99,0,https://www.bilibili.com/video/BV1BE411b7wV/?spm_id_from=333.337.search-card.all.click&vd_source=6374cb49b8a20f29e86ab9de12471afa,我一个单亲家庭长大的看得心里难受。,train
single_parent100,0,https://www.bilibili.com/video/BV1HV411e7A1/?spm_id_from=333.337.search-card.all.click&vd_source=6374cb49b8a20f29e86ab9de12471afa,我是个单亲家庭的孩子，也是个极其被爱的孩子。,train
single_parent101,0,https://www.bilibili.com/video/BV1vL4y1x7QR/?spm_id_from=333.337.search-card.all.click&vd_source=6374cb49b8a20f29e86ab9de12471afa,“对一个单亲妈妈来说，最重要是有钱，因为钱可以帮你解决99%的问题。”,train
single_parent102,0,https://www.bilibili.com/video/BV1nP411i7PQ/?spm_id_from=333.337.search-card.all.click&vd_source=6374cb49b8a20f29e86ab9de12471afa,宁愿净身出户也要争夺小孩！这样的单亲妈妈是不是太傻了？,train
single_parent103,0,https://www.bilibili.com/video/BV1Us4y1U7MW/?spm_id_from=333.337.search-card.all.click&vd_source=6374cb49b8a20f29e86ab9de12471afa,单亲家庭最可怜的就是孩子，看完泪奔#亲子教育 #新知创作人,train
single_parent104,0,https://www.bilibili.com/video/BV1WA411A7oD/?spm_id_from=333.337.search-card.all.click&vd_source=6374cb49b8a20f29e86ab9de12471afa,交往小28岁的女朋友！52岁下岗大叔：日子自己过，不在乎流言蜚语,train
single_parent105,0,https://www.bilibili.com/video/BV1234y157vi/?spm_id_from=333.337.search-card.all.click&vd_source=6374cb49b8a20f29e86ab9de12471afa,单亲家庭小孩好懂事，单亲男孩叮嘱再嫁妈妈,train
single_parent106,0,https://www.bilibili.com/video/BV1Ce411e7At/?spm_id_from=333.337.search-card.all.click&vd_source=6374cb49b8a20f29e86ab9de12471afa,单亲家庭长大的孩子懂事的让人心疼。,test
single_parent107,0,https://www.bilibili.com/video/BV11h4y1u7n8/?spm_id_from=333.337.search-card.all.click&vd_source=6374cb49b8a20f29e86ab9de12471afa,一个单亲女孩后来嫁给博士富二代的故事,train
single_parent108,0,https://www.bilibili.com/video/BV1r24y1S7zL/?spm_id_from=333.337.search-card.all.click&vd_source=6374cb49b8a20f29e86ab9de12471afa,单亲家庭女儿为了爸省钱，结果身患绝症,train
single_parent109,0,https://www.bilibili.com/video/BV1Ni4y1W7qf/?spm_id_from=333.337.search-card.all.click&vd_source=6374cb49b8a20f29e86ab9de12471afa,单亲妈妈让小情人儿子一起陪着健身是一种什么体验,train
single_parent110,0,https://www.bilibili.com/video/BV1fS4y167g3/?spm_id_from=333.337.search-card.all.click&vd_source=6374cb49b8a20f29e86ab9de12471afa,CN也出现了类似于美国单亲家庭的现状。,train
single_parent111,0,https://www.bilibili.com/video/BV1Wr421A7UZ/?spm_id_from=333.337.search-card.all.click&vd_source=6374cb49b8a20f29e86ab9de12471afa,85年单身爸爸，独自带娃八年日常，周末大女儿带着朋友来家里吃饭，女孩子都爱美减肥，可愁坏我烧饭的了，家人们觉得这样搭配的可以吗#记录真实生活 #单亲爸爸带娃,train
single_parent112,0,###Privacy Limitation###,###Privacy Limitation###,test
single_parent113,0,https://www.bilibili.com/video/BV1rN41137aP/?spm_id_from=333.337.search-card.all.click&vd_source=6374cb49b8a20f29e86ab9de12471afa,46岁未婚，18线小城没有男人没有孩子，一个人吃饱全家不饿的生活,train
single_parent114,0,https://www.bilibili.com/video/BV1V1421q7Jf/?spm_id_from=333.337.search-card.all.click&vd_source=6374cb49b8a20f29e86ab9de12471afa,在强调一遍:孩子的优秀和快乐与否与单亲和双亲无关，取决于他成长的家庭氛围和家庭关系有关，你在家什么样你的孩子在家就什么样!!!,train
single_parent115,0,https://www.bilibili.com/video/BV1Db4y1T7tK/?spm_id_from=333.337.search-card.all.click&vd_source=6374cb49b8a20f29e86ab9de12471afa,儿子说“妈妈你该找个男朋友了”，我说“好，你想要什么样的我就按你的标准找”,train
single_parent116,0,https://www.bilibili.com/video/BV1Yr4y1Q7eZ/?spm_id_from=333.337.search-card.all.click&vd_source=6374cb49b8a20f29e86ab9de12471afa,单亲家庭，父亲得知身患癌症，拼命赚钱留给孩子,train
single_parent117,0,https://www.bilibili.com/video/BV1mD4y1i7gU/?spm_id_from=333.337.search-card.all.click&vd_source=6374cb49b8a20f29e86ab9de12471afa,00后单亲妈妈送外卖养活孩子哪有什么为母则刚只不过都是硬抗,train
single_parent118,0,https://www.bilibili.com/video/BV1DT411b7aE/?spm_id_from=333.337.search-card.all.click&vd_source=6374cb49b8a20f29e86ab9de12471afa,现实生活中单亲很难，以后我的孩子我要饭都要带着！,train
single_parent119,0,https://www.bilibili.com/video/BV1cu4m1c7g4/?spm_id_from=333.337.search-card.all.click&vd_source=6374cb49b8a20f29e86ab9de12471afa,35岁负债50多万，七年没工作，和父母断绝关系6年，想去坐牢，银行却不起诉,train
single_parent120,0,https://www.bilibili.com/video/BV1t54y1w7RE/?spm_id_from=333.337.search-card.all.click&vd_source=6374cb49b8a20f29e86ab9de12471afa,90后远嫁女带2岁娃街头求助：老公家暴又不离婚，半年没生活费了,test
single_parent121,0,https://www.bilibili.com/video/BV12f421d7Gr/?spm_id_from=333.337.search-card.all.click&vd_source=6374cb49b8a20f29e86ab9de12471afa,85年的单身爸爸独自带娃八年日常，今天发个不做饭的视频，周末带孩子溜达溜达，喜欢的家人们评论区告诉我#单身爸爸带娃[话题]# #记录真实生活[话题],train
single_parent122,1,https://www.bilibili.com/video/BV1cJ4m1A79s/?spm_id_from=333.337.search-card.all.click&vd_source=6374cb49b8a20f29e86ab9de12471afa,因看不惯儿子年收百万日子过得好，竟然提出一个小小要求,train
single_parent123,1,https://www.bilibili.com/video/BV1Xu41147Q9/?spm_id_from=333.337.search-card.all.click&vd_source=6374cb49b8a20f29e86ab9de12471afa,被嫌弃是单亲家庭,train
single_parent124,1,https://www.bilibili.com/video/BV1b34y1K7fL/?spm_id_from=333.337.search-card.all.click&vd_source=6374cb49b8a20f29e86ab9de12471afa,嫌贫爱富的女老师瞧不起穷学生，对学生百般羞辱最后酿成悲剧！,train
single_parent125,1,https://www.bilibili.com/video/BV1iq4y1d7Qu/?spm_id_from=333.337.search-card.all.click&vd_source=6374cb49b8a20f29e86ab9de12471afa,单亲妈妈瞧不起保安。最后却求着保安带孩子。不料保安却是个日理万机的总裁,train
single_parent126,1,https://www.bilibili.com/video/BV1SEWpeaE8F/?spm_id_from=333.337.search-card.all.click&vd_source=6374cb49b8a20f29e86ab9de12471afa,单亲家庭以后只会越来越多,train
single_parent127,1,https://www.bilibili.com/video/BV1LxpSeUEiV/?spm_id_from=333.337.search-card.all.click&vd_source=6374cb49b8a20f29e86ab9de12471afa,穷人家的少爷,train
single_parent128,1,https://www.bilibili.com/video/BV1ih41157Ri/?spm_id_from=333.337.search-card.all.click&vd_source=6374cb49b8a20f29e86ab9de12471afa,绿茶瞧不起女孩嫁给农民 出言不逊 最后啪啪打脸,train
single_parent129,1,https://www.bilibili.com/video/BV1i64y127bB/?spm_id_from=333.337.search-card.all.click&vd_source=6374cb49b8a20f29e86ab9de12471afa,30岁饭店老板嫌弃相亲女孩家里穷，还没有聊两句，就被赶出来了,test
single_parent130,1,https://www.bilibili.com/video/BV139vfevEsX/?spm_id_from=333.337.search-card.all.click&vd_source=6374cb49b8a20f29e86ab9de12471afa,《我不允许男人身上有钱》,test
elderly01,1,###Privacy Limitation###,###Privacy Limitation###,train
elderly02,0,https://www.bilibili.com/video/BV14Y411q7u8/?spm_id_from=333.337.search-card.all.click&vd_source=6374cb49b8a20f29e86ab9de12471afa,公益广告：第一视角体验老年痴呆症患者的日常，代入感超强！,train
elderly03,1,https://www.bilibili.com/video/BV1mo4y1N7Wk/?spm_id_from=333.337.search-card.all.click&vd_source=6374cb49b8a20f29e86ab9de12471afa,家里有这四类老人，不用怀疑，家庭将注定走向败落,train
elderly04,1,https://www.bilibili.com/video/BV1rE411X7e7/?spm_id_from=333.337.search-card.all.click&vd_source=6374cb49b8a20f29e86ab9de12471afa,老年歧视,train
elderly05,1,https://www.bilibili.com/video/BV1CL411X7Yo/?spm_id_from=333.337.search-card.all.click&vd_source=6374cb49b8a20f29e86ab9de12471afa,年轻人歧视老人不会用智能机，最终变成了机器人,train
elderly06,1,https://www.bilibili.com/video/BV1zy4y1P7Gh/?spm_id_from=333.337.search-card.all.click&vd_source=6374cb49b8a20f29e86ab9de12471afa,我们尊重老人，尊重的不是年龄，而是品行！,train
elderly07,1,https://www.bilibili.com/video/BV1t24y1g7xS/?spm_id_from=333.337.search-card.all.click&vd_source=6374cb49b8a20f29e86ab9de12471afa,很多老年人他并不想享清福,train
elderly08,1,https://www.bilibili.com/video/BV1yL4y1K7Yw/?spm_id_from=333.337.search-card.all.click&vd_source=6374cb49b8a20f29e86ab9de12471afa,刺痛人心的家庭片，养儿防老都是假的，中国老年人现状直击人心.mp4,train
elderly09,1,https://www.bilibili.com/video/BV15pY3eYEWi/?spm_id_from=333.337.search-card.all.click&vd_source=6374cb49b8a20f29e86ab9de12471afa,到底是女人不尊重老人还是老人倚老卖老呢,train
elderly10,1,https://www.bilibili.com/video/BV1dY4y1d7J1/?spm_id_from=333.337.search-card.all.click&vd_source=6374cb49b8a20f29e86ab9de12471afa,美国的老人被外人吃的倾家荡产，家属无能为力，一切却合法合规,train
elderly11,1,https://www.bilibili.com/video/BV1sM411V7Gs/?spm_id_from=333.337.search-card.all.click&vd_source=6374cb49b8a20f29e86ab9de12471afa,养老院护工虐待七旬老人，三小时内连扇57个巴掌，场面令人发指,train
elderly12,1,###Privacy Limitation###,###Privacy Limitation###,train
elderly13,1,https://www.bilibili.com/video/BV1dz4y1o7qy/?spm_id_from=333.337.search-card.all.click&vd_source=6374cb49b8a20f29e86ab9de12471afa,恶毒保姆虐待85岁老人 监控画面令人发指,train
elderly14,1,###Privacy Limitation###,###Privacy Limitation###,train
elderly15,1,https://www.bilibili.com/video/BV1ER4y1c7Vk/?spm_id_from=333.337.search-card.all.click&vd_source=6374cb49b8a20f29e86ab9de12471afa,患老年痴呆症的老人，被欺负，女孩霸气反应，她的善良让人感动！,train
elderly16,1,https://www.bilibili.com/video/BV1u1421r7pe/?spm_id_from=333.788.recommend_more_video.-1&vd_source=6374cb49b8a20f29e86ab9de12471afa,老人不能惯，老人不能惯，老人不能惯，重要事情说三遍,train
elderly17,1,https://www.bilibili.com/video/BV1nz421i7Si/?spm_id_from=333.337.search-card.all.click&vd_source=6374cb49b8a20f29e86ab9de12471afa,中老年子女照护父母难点系列﹣﹣让人崩溃的自私老人,train
elderly18,1,https://www.bilibili.com/video/BV12R4y1w71D/?spm_id_from=333.337.search-card.all.click&vd_source=6374cb49b8a20f29e86ab9de12471afa,影视：小保姆欺负痴呆老人，打得老人浑身是伤，不料雇主提前回家,test
elderly19,1,https://www.bilibili.com/video/BV16k4y1j7UG/?spm_id_from=333.337.search-card.all.click&vd_source=6374cb49b8a20f29e86ab9de12471afa,老人被男子恶语羞辱，老人儿子出现后，直接告诉他该怎么做人,train
elderly20,1,https://www.bilibili.com/video/BV1KXY7eTE3g/?spm_id_from=333.337.search-card.all.click&vd_source=6374cb49b8a20f29e86ab9de12471afa,美国梦，78岁老人在美《私有化》《高端》养老院被残酷虐待数月致死。,train
elderly21,1,https://www.bilibili.com/video/BV1e94y1p75n/?spm_id_from=333.337.search-card.all.click&vd_source=6374cb49b8a20f29e86ab9de12471afa,溺爱孩子的后果有多严重？揭露中国老人的悲哀，国产催泪片,train
elderly22,1,https://www.bilibili.com/video/BV1Ae4y1t7nv/?spm_id_from=333.337.search-card.all.click&vd_source=6374cb49b8a20f29e86ab9de12471afa,黑心保姆虐待老人，不料被监控拍下，儿子回家当场揭穿！,train
elderly50,0,https://www.bilibili.com/video/BV1BE421P7Mp/?spm_id_from=333.337.search-card.all.click&vd_source=6374cb49b8a20f29e86ab9de12471afa,平均每6位老年人就有1人遭受虐待，谁都会衰老，给老人多一些关爱和陪伴，拒绝虐待,train
elderly51,0,https://www.bilibili.com/video/BV11d4y177ZA/?spm_id_from=333.337.search-card.all.click&vd_source=6374cb49b8a20f29e86ab9de12471afa,你如何看待老年人，尊重or毫无价值？,train
elderly52,0,https://www.bilibili.com/video/BV1e44y1b7G9/?spm_id_from=333.337.search-card.all.click&vd_source=6374cb49b8a20f29e86ab9de12471afa,城管拎摔老人，就是欺负未来的自己,train
elderly53,0,https://www.bilibili.com/video/BV1FF411H77w/?spm_id_from=333.337.search-card.all.click&vd_source=6374cb49b8a20f29e86ab9de12471afa,老年痴呆症的最终阶段，生活不能自理，大小便失禁，生不如死比死亡更痛苦 ：,train
elderly54,0,https://www.bilibili.com/video/BV19x42127v4/?spm_id_from=333.337.search-card.all.click&vd_source=6374cb49b8a20f29e86ab9de12471afa,治疗老年痴呆有效方法,train
elderly55,0,https://www.bilibili.com/video/BV1cb41147Fd/?spm_id_from=333.337.search-card.all.click&vd_source=6374cb49b8a20f29e86ab9de12471afa,什么是老年痴呆,train
elderly56,0,https://www.bilibili.com/video/BV1814y1f7SC/?spm_id_from=333.337.search-card.all.click&vd_source=6374cb49b8a20f29e86ab9de12471afa,养老困境：社会偏见“杀”死了痴呆老人【阿尔茨海默症】,train
elderly57,0,https://www.bilibili.com/video/BV1D84y1975t/?spm_id_from=333.337.search-card.all.click&vd_source=6374cb49b8a20f29e86ab9de12471afa,91岁老年痴呆爷爷走失，民警在其60年前老友家找回：只为1个约定,train
elderly58,0,https://www.bilibili.com/video/BV1Ht411d7PV/?spm_id_from=333.337.search-card.all.click&vd_source=6374cb49b8a20f29e86ab9de12471afa,公益片-给老年痴呆症多一些关爱,test
elderly59,0,https://www.bilibili.com/video/BV18u4m1c7H8/?spm_id_from=333.337.search-card.all.click&vd_source=6374cb49b8a20f29e86ab9de12471afa,美国网友分享的和痴呆症患者的正确沟通方式,train
elderly60,0,https://www.bilibili.com/video/BV1RY4y197Z6/?spm_id_from=333.337.search-card.all.click&vd_source=6374cb49b8a20f29e86ab9de12471afa,泪目！奶奶老年痴呆被送进养老院，爷爷在围栏外以泪洗面叮嘱奶奶，“这可能是最后一次见面了”,train
elderly61,0,###Privacy Limitation###,###Privacy Limitation###,train
elderly62,0,https://www.bilibili.com/video/BV1hL411N7yg/?spm_id_from=333.337.search-card.all.click&vd_source=6374cb49b8a20f29e86ab9de12471afa,爷爷的这一番话，说出了多少农村留守老人的心声！,train
elderly63,0,https://www.bilibili.com/video/BV18b421n76V/?spm_id_from=333.337.search-card.all.click&vd_source=6374cb49b8a20f29e86ab9de12471afa,让人心酸的老人,train
elderly64,0,https://www.bilibili.com/video/BV1kc411X7Ae/?spm_id_from=333.337.search-card.all.click&vd_source=6374cb49b8a20f29e86ab9de12471afa,坚决不去养老院？南京88岁老教授直言，人就是要自由！,train
elderly65,0,###Privacy Limitation###,###Privacy Limitation###,train
elderly66,0,https://www.bilibili.com/video/BV1kD421j7g7/?spm_id_from=333.337.search-card.all.click&vd_source=6374cb49b8a20f29e86ab9de12471afa,这就是成年人的心酸吧，留守老人被欺负,train
elderly67,0,https://www.bilibili.com/video/BV1cyeweHEns/?spm_id_from=333.337.search-card.all.click&vd_source=6374cb49b8a20f29e86ab9de12471afa,《岁月留痕：农村留守老人的孤独与坚守》记录返乡后给村里的第一位留守老人拍照,test
elderly68,0,https://www.bilibili.com/video/BV1jb4y147Zh/?spm_id_from=333.337.search-card.all.click&vd_source=6374cb49b8a20f29e86ab9de12471afa,关爱老人 ，关爱老人传递正能量 ，百姓生活 ，村里人 ，传递温暖 帮助老人 传递正能量！！！,train
elderly69,0,https://www.bilibili.com/video/BV1E4411f7Jp/?spm_id_from=333.337.search-card.all.click&vd_source=6374cb49b8a20f29e86ab9de12471afa,泪目！92岁退休教师给留守儿童免费上课：没时间了，我要分秒必争了,train
elderly70,0,https://www.bilibili.com/video/BV13i4y1C7L4/?spm_id_from=333.337.search-card.all.click&vd_source=6374cb49b8a20f29e86ab9de12471afa,村里留守老人多，吃完饭陪二后生逛圈话家常，短暂相处感受却深刻,train
elderly71,0,https://www.bilibili.com/video/BV1Ut421a7nX/?spm_id_from=333.337.search-card.all.click&vd_source=6374cb49b8a20f29e86ab9de12471afa,那些孤独的老人，常回家看看，别让他们孤独后半生#留守老人的心酸 #留守老人 #老年人的心声 #孤寡老人,test
elderly72,0,https://www.bilibili.com/video/BV1JM4m1S7Ay/?spm_id_from=333.337.search-card.all.click&vd_source=6374cb49b8a20f29e86ab9de12471afa,那些留守在家的空巢老人，每次回家，村口门口总会坐着他们,train
elderly73,0,https://www.bilibili.com/video/BV19m41127Mp/?spm_id_from=333.337.search-card.all.click&vd_source=6374cb49b8a20f29e86ab9de12471afa,男子照顾孤寡老人12年，北京顺义法院判决其继承老人5套房,train
elderly74,0,https://www.bilibili.com/video/BV1jM411177c/?spm_id_from=333.337.search-card.all.click&vd_source=6374cb49b8a20f29e86ab9de12471afa,老爷爷说着说着让我不由得泪目了，关爱农村留守老人,train
elderly75,0,https://www.bilibili.com/video/BV1Yx4y1479c/?spm_id_from=autoNext&vd_source=6374cb49b8a20f29e86ab9de12471afa,孤寡老人顶着烈日太阳在地里种地，他是多么热爱这片土地啊！ "淳朴善良的永远都是农民 "最热爱家乡土地的一代人,train
elderly76,0,https://www.bilibili.com/video/BV1jqKYeiEMJ/?spm_id_from=333.337.search-card.all.click&vd_source=6374cb49b8a20f29e86ab9de12471afa,不是阿嬷的零食过期了，而是你回来晚了,train
elderly77,0,https://www.bilibili.com/video/BV1v8411x7g9/?spm_id_from=333.337.search-card.all.click&vd_source=6374cb49b8a20f29e86ab9de12471afa,老人为什么更喜欢农村？,train
elderly78,0,https://www.bilibili.com/video/BV14i4y1b7Cn/?spm_id_from=333.337.search-card.all.click&vd_source=6374cb49b8a20f29e86ab9de12471afa,当留守老人都去世了农村会怎样？,train
elderly79,0,https://www.bilibili.com/video/BV1b24y1d7FA/?spm_id_from=333.337.search-card.all.click&vd_source=6374cb49b8a20f29e86ab9de12471afa,看完泪目！老去的故乡，暗淡了多少留守老人的心声，他们被抛弃，被遗忘……,train
elderly80,0,https://www.bilibili.com/video/BV15W421d7Xv/?spm_id_from=333.337.search-card.all.click&vd_source=6374cb49b8a20f29e86ab9de12471afa,带大家看看，我和93岁爷爷在养老院做特种兵的一天??,train
elderly81,0,https://www.bilibili.com/video/BV1qu4y1s7jM/?spm_id_from=333.337.search-card.all.click&vd_source=6374cb49b8a20f29e86ab9de12471afa,请社会关爱独居老人,train
elderly82,0,https://www.bilibili.com/video/BV1s7411a7bC/?spm_id_from=333.337.search-card.all.click&vd_source=6374cb49b8a20f29e86ab9de12471afa,2020年感人公益片《又忆年》关爱空巢老人，过个幸福年,train
elderly83,0,https://www.bilibili.com/video/BV1E2421Z73J/?spm_id_from=333.337.search-card.all.click&vd_source=6374cb49b8a20f29e86ab9de12471afa,我曾是留守儿童，所以我不能让孩子像我一样留守,train
elderly84,0,https://www.bilibili.com/video/BV1bp4y1p7cZ/?spm_id_from=333.337.search-card.all.click&vd_source=6374cb49b8a20f29e86ab9de12471afa,留守老人的年后生活,train
elderly85,0,https://www.bilibili.com/video/BV1t3411V7kV/?spm_id_from=333.337.search-card.all.click&vd_source=6374cb49b8a20f29e86ab9de12471afa,青州：互助式养老 让老人晚年生活不孤单,train
elderly86,0,https://www.bilibili.com/video/BV1hb411b7Xm/?spm_id_from=333.337.search-card.all.click&vd_source=6374cb49b8a20f29e86ab9de12471afa,关爱老人公益短片拍摄制作,test
elderly87,0,https://www.bilibili.com/video/BV1DC4y1M7uM/?spm_id_from=333.337.search-card.all.click&vd_source=6374cb49b8a20f29e86ab9de12471afa,回村的第九天，这就是农村的现状，村里的留守老人和儿童越来越多,train
elderly88,0,https://www.bilibili.com/video/BV1zK4y1X7Pu/?spm_id_from=333.337.search-card.all.click&vd_source=6374cb49b8a20f29e86ab9de12471afa,湖北十堰农村留守老人坐一排聊天，晚年生活令人羡慕，更让人心疼,test
elderly89,0,https://www.bilibili.com/video/BV1wb4y1p7t1/?spm_id_from=333.337.search-card.all.click&vd_source=6374cb49b8a20f29e86ab9de12471afa,谨以此片献给农村留守老人,train
elderly90,0,https://www.bilibili.com/video/BV1984y1k7n4/?spm_id_from=333.337.search-card.all.click&vd_source=6374cb49b8a20f29e86ab9de12471afa,给村里留守老人做饭,train
elderly91,0,https://www.bilibili.com/video/BV1FY4y1478x/?spm_id_from=333.337.search-card.all.click&vd_source=6374cb49b8a20f29e86ab9de12471afa,关爱留守老人,train
elderly92,0,https://www.bilibili.com/video/BV1tD4y1G7v8/?spm_id_from=333.337.search-card.all.click&vd_source=6374cb49b8a20f29e86ab9de12471afa,农村老人为什么不愿意进城养老？,train
elderly93,0,https://www.bilibili.com/video/BV1hx4y1P7VR/?spm_id_from=333.337.search-card.all.click&vd_source=6374cb49b8a20f29e86ab9de12471afa,人老了没有挣钱能力晚年指望谁？看看农村87岁老人的回答，很现实,train
elderly94,0,https://www.bilibili.com/video/BV1fr4y1f7Bk/?spm_id_from=333.337.search-card.all.click&vd_source=6374cb49b8a20f29e86ab9de12471afa,三岁的王诗龄究竟有多暖心，怕鸡冷要带它进被窝，给留守老人送上“长生不老”虾,train
elderly95,0,https://www.bilibili.com/video/BV16S411A7uu/?spm_id_from=333.337.search-card.all.click&vd_source=6374cb49b8a20f29e86ab9de12471afa,真情换真心，最让人动容#生活不易#关爱老人,train
elderly96,0,https://www.bilibili.com/video/BV1kM4m1z7cq/?spm_id_from=333.788.recommend_more_video.-1&vd_source=6374cb49b8a20f29e86ab9de12471afa,真诚，真情，真心，在这社会尤为珍贵,train
elderly97,0,https://www.bilibili.com/video/BV1yU411U7ho/?spm_id_from=333.788.recommend_more_video.0&vd_source=6374cb49b8a20f29e86ab9de12471afa,遇到了就尽点微薄之力,train
elderly98,0,https://www.bilibili.com/video/BV1Ng411N7nr/?spm_id_from=333.337.search-card.all.click&vd_source=6374cb49b8a20f29e86ab9de12471afa,生活不易，老人一辈子省吃俭用，都是为了留给我们…,train
elderly99,0,https://www.bilibili.com/video/BV1qu4y197YQ/?spm_id_from=333.337.search-card.all.click&vd_source=6374cb49b8a20f29e86ab9de12471afa,空巢老人多可怜，最大的孝顺就是别让老人被时代抛弃，常回家看看,train
elderly100,0,https://www.bilibili.com/video/BV1B54y1Z7Vo/?spm_id_from=333.788.recommend_more_video.2&vd_source=6374cb49b8a20f29e86ab9de12471afa,【推广片】空巢老人,test
elderly101,0,###Privacy Limitation###,###Privacy Limitation###,train
elderly102,0,https://www.bilibili.com/video/BV1gh4y1Y7Vk/?spm_id_from=333.337.search-card.all.click&vd_source=6374cb49b8a20f29e86ab9de12471afa,60岁空巢老人的13位明星,train
elderly103,0,https://www.bilibili.com/video/BV1cC4y1w72z/?spm_id_from=333.337.search-card.all.click&vd_source=6374cb49b8a20f29e86ab9de12471afa,提及往事道爷几度哽咽，老人家委屈了。 记录真实生活 中医 情感 人性 历史,train
elderly104,0,###Privacy Limitation###,###Privacy Limitation###,train
elderly105,0,https://www.bilibili.com/video/BV1qv4y187k5/?spm_id_from=333.337.search-card.all.click,家里有老人的，这个病千万要注意！,train
elderly106,0,https://www.bilibili.com/video/BV13M411X7nu/?spm_id_from=333.337.search-card.all.click&vd_source=6374cb49b8a20f29e86ab9de12471afa,没有词语能够形容这一幕，83岁的聋子带着七十多岁的瞎子，结伴要饭。四天要了不到五十块钱。然而更让人震惊的是大爷的身世，如此人生遭遇我只在余华的活着里看到过。,test
elderly107,0,https://www.bilibili.com/video/BV1Ni4y1r79w/?spm_id_from=333.788.recommend_more_video.0&vd_source=6374cb49b8a20f29e86ab9de12471afa,不容易啊，七十多岁的年纪了，还在外面谋生。#关爱老人,train
elderly108,0,https://www.bilibili.com/video/BV1AS411F7dS/?spm_id_from=333.788.recommend_more_video.1&vd_source=6374cb49b8a20f29e86ab9de12471afa,爷爷真的非常的朴实。虽然他无儿无女，但是他凭借着自己的本事生活，一杆秤称的平平稳稳，不差分毫。哪怕我多给了他一些钱，他也要给我多一些青菜。#关爱老人 #正能量,test
elderly109,0,https://www.bilibili.com/video/BV1gb421q7Ky/?spm_id_from=333.788.recommend_more_video.1&vd_source=6374cb49b8a20f29e86ab9de12471afa,毋以善小而不为#关爱老人 #记录真实生活 #正能量,train
elderly110,0,https://www.bilibili.com/video/BV1Cw411E7gz/?spm_id_from=333.337.search-card.all.click&vd_source=6374cb49b8a20f29e86ab9de12471afa,人老了能靠谁？78岁老人积攒了不少钱，谁都不靠靠自己,train
elderly111,0,https://www.bilibili.com/video/BV16Y411f7DE/?spm_id_from=333.337.search-card.all.click&vd_source=6374cb49b8a20f29e86ab9de12471afa,不管你信不信，老人走了这个家就变成好几个家了,train
elderly112,0,https://www.bilibili.com/video/BV1hm4y1A7CK/?spm_id_from=333.337.search-card.all.click&vd_source=6374cb49b8a20f29e86ab9de12471afa,农村81岁老人大胆说真话，听听他怎样评价农村？,train
elderly113,0,https://www.bilibili.com/video/BV1S741137SG/?spm_id_from=333.337.search-card.all.click&vd_source=6374cb49b8a20f29e86ab9de12471afa,失明老人的无奈，一人孤独的生活,train
elderly114,0,###Privacy Limitation###,###Privacy Limitation###,train
elderly115,0,https://www.bilibili.com/video/BV1at41157FP/?spm_id_from=333.337.search-card.all.click&vd_source=6374cb49b8a20f29e86ab9de12471afa,愿天下老人都可以美好生活,train
elderly116,0,https://www.bilibili.com/video/BV1NM411c7Jc/?spm_id_from=333.337.search-card.all.click&vd_source=6374cb49b8a20f29e86ab9de12471afa,80岁老人无儿无女，一辈子没结婚，老年生活太凄惨了！,test
elderly117,0,https://www.bilibili.com/video/BV1JM41127cc/?spm_id_from=333.337.search-card.all.click&vd_source=6374cb49b8a20f29e86ab9de12471afa,70岁老头当20年演员一无所有，晚年住在公园吃喝靠捡，活着太难了,train
elderly118,0,https://www.bilibili.com/video/BV1mp421U7GB/?spm_id_from=333.337.search-card.all.click&vd_source=6374cb49b8a20f29e86ab9de12471afa,盲人爷爷吃泡面,test
elderly119,0,https://www.bilibili.com/video/BV12p4y137i7/?spm_id_from=333.337.search-card.all.click&vd_source=6374cb49b8a20f29e86ab9de12471afa,这是亿万老农民的缩影，应当被善待#关爱老人#农民不易,train
elderly120,0,###Privacy Limitation###,###Privacy Limitation###,train
elderly121,0,https://www.bilibili.com/video/BV1VM411X7A3/?spm_id_from=333.337.search-card.all.click&vd_source=6374cb49b8a20f29e86ab9de12471afa,原来一双旧的球鞋，就可以让一个59岁的流浪老人开心的像个孩子。古人说的对，勿以善小而不为。,train
elderly122,0,https://www.bilibili.com/video/BV1NF4m137P5/?spm_id_from=333.337.search-card.all.click&vd_source=6374cb49b8a20f29e86ab9de12471afa,老爷爷在摊前徘徊许久，于是…,train
elderly124,0,https://www.bilibili.com/video/BV1J24y1579N/?spm_id_from=333.337.search-card.all.click&vd_source=6374cb49b8a20f29e86ab9de12471afa,农村老人太难了,test
elderly125,0,https://www.bilibili.com/video/BV1Nj41117Nj/?spm_id_from=333.337.search-card.all.click&vd_source=6374cb49b8a20f29e86ab9de12471afa,体谅老人的不易，做一个善良的人,train
elderly126,0,https://www.bilibili.com/video/BV12S421P7sK/?spm_id_from=333.337.search-card.all.click&vd_source=6374cb49b8a20f29e86ab9de12471afa,老人生活不容易艰难，能帮咋就帮，每个人都会老去,train
elderly127,0,https://www.bilibili.com/video/BV1HH4y1L7Fs/?spm_id_from=333.337.search-card.all.click&vd_source=6374cb49b8a20f29e86ab9de12471afahttps%3A%2F%2Fwww.bilibili.com%2Fvideo%2FBV1HH4y1L7Fs%2F%3Fspm_id_from%3D333.337.search-card.all.click&vd_source=6374cb49b8a20f29e86ab9de12471afa4,别让老人晚年觉得孤独！！,test
elderly128,0,https://www.bilibili.com/video/BV1ja411C7xT/?spm_id_from=333.337.search-card.all.click&vd_source=6374cb49b8a20f29e86ab9de12471afa,回家多看看老人吧，是不是老年人都这样啊，不愿意和年轻人在一起，而且觉得在老家习惯了，出来很不习惯，他们是压根就不走，还要喂很多鸡鸭鹅～,train
elderly129,0,https://www.bilibili.com/video/BV1PC4y1776s/?spm_id_from=333.337.search-card.all.click&vd_source=6374cb49b8a20f29e86ab9de12471afa,辛苦大爷不为人知的秘密,train
elderly130,0,https://www.bilibili.com/video/BV1AU4y1T7gt/?spm_id_from=333.337.search-card.all.click&vd_source=6374cb49b8a20f29e86ab9de12471afa,短片：杀人狂盯上独居老人，竟被硬核奶奶，绝地反杀，结局很温馨,test
elderly131,0,https://www.bilibili.com/video/BV19u4y1M73K/?spm_id_from=333.337.search-card.all.click,如何正确将卧床老人从床上转移至轮椅,train
elderly132,0,https://www.bilibili.com/video/BV1Su4m1A7i4/?spm_id_from=333.337.search-card.all.click,帮助男性卧床老人使用尿壶,train
elderly133,1,https://www.bilibili.com/video/BV1UK41127cM/?spm_id_from=333.788.recommend_more_video.0&vd_source=6374cb49b8a20f29e86ab9de12471afa,老太太作妖 儿女忍无可忍将她送进养老院,train
elderly134,1,https://www.bilibili.com/video/BV18rW5eCEUr/?spm_id_from=333.788.recommend_more_video.-1&vd_source=6374cb49b8a20f29e86ab9de12471afa,老太太，你别太离谱,train
elderly135,1,https://www.bilibili.com/video/BV1t34y1e74w/?spm_id_from=333.337.search-card.all.click&vd_source=6374cb49b8a20f29e86ab9de12471afa,保姆殴打瘫痪老人，孙子愤怒的将她解雇，结果被讹了100万！电影,test
elderly136,1,https://www.bilibili.com/video/BV1SJ411T7uE/?spm_id_from=333.337.search-card.all.click&vd_source=6374cb49b8a20f29e86ab9de12471afa,保姆疯狂虐待老人，还指使老人给她洗脚，没想到老板突然回来了,train
elderly137,1,https://www.bilibili.com/video/BV1H54y1d7R7/?spm_id_from=333.788.recommend_more_video.1&vd_source=6374cb49b8a20f29e86ab9de12471afa,自制剧：丈夫意外死亡后，妻子天天虐待婆婆，谁知丈夫突然回来了,train
elderly138,1,https://www.bilibili.com/video/BV1XY41117Ri/?spm_id_from=333.337.search-card.all.click&vd_source=6374cb49b8a20f29e86ab9de12471afa,监控下气愤一幕，保姆虐待老人不给他水喝，随即让人感动的瞬间开始,train
elderly139,1,https://www.bilibili.com/video/BV1jJ411774n/?spm_id_from=333.788.recommend_more_video.5&vd_source=6374cb49b8a20f29e86ab9de12471afa,哥哥姐姐虐待母亲，把给母亲看病的钱分了，谁知小妹突然回来了,train
elderly140,1,https://www.bilibili.com/video/BV1eW4y1K7sn/?spm_id_from=333.788.recommend_more_video.2&vd_source=6374cb49b8a20f29e86ab9de12471afa,男子照顾痴呆母亲20年，在医院崩溃大喊：“要死早点死”,train
elderly141,1,https://www.bilibili.com/video/BV1tc411h7vA/?spm_id_from=333.788.recommend_more_video.2&vd_source=6374cb49b8a20f29e86ab9de12471afa,自制剧：儿子打工刚走，儿媳就虐待婆婆让她舔口水，很快报应来了,test
children01,0,https://www.bilibili.com/video/BV1dT411w7sn/?spm_id_from=333.337.search-card.all.click&vd_source=6374cb49b8a20f29e86ab9de12471afa,【峰哥语录】如何避免被别人孤立和校园暴力？,train
children02,0,###Privacy Limitation###,###Privacy Limitation###,train
children03,0,https://www.bilibili.com/video/BV1oW4y1X72g/?spm_id_from=333.337.search-card.all.click&vd_source=6374cb49b8a20f29e86ab9de12471afa,男人每天都要经历校园暴力,test
children04,0,https://www.bilibili.com/video/BV1PL411J76u/?spm_id_from=333.337.search-card.all.click&vd_source=6374cb49b8a20f29e86ab9de12471afa,女性施暴者八成以上——百个校园暴力网络视频背后,test
children05,0,###Privacy Limitation###,###Privacy Limitation###,train
children06,0,https://www.bilibili.com/video/BV17A4y1X7UX/?spm_id_from=333.337.search-card.all.click&vd_source=6374cb49b8a20f29e86ab9de12471afa,始于文弱书生 终于校园暴力,train
children07,0,https://www.bilibili.com/video/BV1oZ4y1R7LF/?spm_id_from=333.337.search-card.all.click&vd_source=6374cb49b8a20f29e86ab9de12471afa,面对校园暴力被同学孤立杨超越是怎么做的,train
children08,0,https://www.bilibili.com/video/BV14Q4y1z7if/?spm_id_from=333.337.search-card.all.click&vd_source=6374cb49b8a20f29e86ab9de12471afa,（抑郁症，活着没有方向）一名校园暴力受害者的自述,train
children09,0,https://www.bilibili.com/video/BV1XP4y1h7zr/?spm_id_from=333.337.search-card.all.click&vd_source=6374cb49b8a20f29e86ab9de12471afa,反校园暴力｜曾经的施暴者这样说......,test
children10,0,###Privacy Limitation###,###Privacy Limitation###,train
children11,0,https://www.bilibili.com/video/BV1Wo4y1j7Ji/?spm_id_from=333.337.search-card.all.click&vd_source=6374cb49b8a20f29e86ab9de12471afa,大一新生，害怕校园暴力,train
children12,0,https://www.bilibili.com/video/BV1ip4y1V74y/?spm_id_from=333.337.search-card.all.click&vd_source=6374cb49b8a20f29e86ab9de12471afa,以暴制暴！我打电话向曾经校园霸凌我的人了！如何从校园暴力中自我修复？,test
children13,0,https://www.bilibili.com/video/BV1qN411y7c5/?spm_id_from=333.337.search-card.all.click&vd_source=6374cb49b8a20f29e86ab9de12471afa,校园暴力何时休？四川广安武胜中学因校园暴力导致一名学生死亡,train
children14,0,https://www.bilibili.com/video/BV1Nk4y1F7Fa/?spm_id_from=333.337.search-card.all.click&vd_source=6374cb49b8a20f29e86ab9de12471afa,徒弟遭遇校园霸凌，以一打五，霸凌者抱头鼠窜！,train
children15,0,https://www.bilibili.com/video/BV1tu41167Sj/?spm_id_from=333.337.search-card.all.click&vd_source=6374cb49b8a20f29e86ab9de12471afa,明星遭受校园暴力，超越被扇耳光扇出血,train
children16,0,https://www.bilibili.com/video/BV1dv411r7mM/?spm_id_from=333.337.search-card.all.click&vd_source=6374cb49b8a20f29e86ab9de12471afa,校园暴力有多可怕？一位校园暴力的受害者的自述：这种伤害， 永远都不会原谅！！,train
children17,0,###Privacy Limitation###,###Privacy Limitation###,test
children18,0,https://www.bilibili.com/video/BV1jL411S7ea/?spm_id_from=333.337.search-card.all.click&vd_source=6374cb49b8a20f29e86ab9de12471afa,从小颜值因为颜值太高遭受校园暴力，后成为全球顶级模特全球代言人的美少女celine farach,train
children19,0,https://www.bilibili.com/video/BV1x741157AE/?spm_id_from=333.337.search-card.all.click&vd_source=6374cb49b8a20f29e86ab9de12471afa,王力宏：因为中国血统我曾在美国遭受校园暴力，是音乐艺术让我们忘记种族和肤色的差异。,train
children20,0,https://www.bilibili.com/video/BV1iP411N7x9/?spm_id_from=333.337.search-card.all.click,18岁害怕校园暴力,train
children21,0,https://www.bilibili.com/video/BV12e4y1i74G/?spm_id_from=333.788.recommend_more_video.3&vd_source=6374cb49b8a20f29e86ab9de12471afa,打骂孩子，不会让他长记性，只会让孩子长仇恨！,train
children22,0,https://www.bilibili.com/video/BV1cL4y1p7sZ/?spm_id_from=333.788.recommend_more_video.2&vd_source=6374cb49b8a20f29e86ab9de12471afa,【孩子教育】打骂孩子的危害，你都知道吗？,train
children23,1,https://www.bilibili.com/video/BV18s4y1F7n3/?spm_id_from=333.788.recommend_more_video.7&vd_source=6374cb49b8a20f29e86ab9de12471afa,符合这3点，就可以打骂孩子,train
children24,0,https://www.bilibili.com/video/BV1Xp4y1S7Pr/?spm_id_from=333.337.search-card.all.click&vd_source=6374cb49b8a20f29e86ab9de12471afa,儿童模仿动画片暴力镜头频现，专家：一定要绷紧生命教育的弦,train
children25,0,https://www.bilibili.com/video/BV14S411F739/?spm_id_from=333.337.search-card.all.click&vd_source=6374cb49b8a20f29e86ab9de12471afa,“一场关于霸凌真实的社会实验”那些不被看见的隐形伤害，我想，应该被重视起来,train
children26,0,,,train
children27,0,https://www.bilibili.com/video/BV1Xc411R7bq/?spm_id_from=333.337.search-card.all.click&vd_source=6374cb49b8a20f29e86ab9de12471afa,游戏和影视真的会让儿童变暴力吗？,train
children28,0,https://www.bilibili.com/video/BV1R24y1d7yw/?spm_id_from=333.337.search-card.all.click&vd_source=6374cb49b8a20f29e86ab9de12471afa,儿童有暴力倾向怎么办？,train
children29,0,https://www.bilibili.com/video/BV1Wc411N7MD/?spm_id_from=333.337.search-card.all.click&vd_source=6374cb49b8a20f29e86ab9de12471afa,抽动症儿童有暴力倾向吗？,train
children30,0,https://www.bilibili.com/video/BV1er4y1n7Gb/?spm_id_from=333.337.search-card.all.click&vd_source=6374cb49b8a20f29e86ab9de12471afa,中国代表：尽快结束冲突才能使妇女儿童远离暴力伤害,train
children31,0,https://www.bilibili.com/video/BV1dC411B7aQ/?spm_id_from=333.337.search-card.all.click&vd_source=6374cb49b8a20f29e86ab9de12471afa,这种锋利危险的玩具不要再给孩子玩了，家长一定提高警惕，增强孩子安全意识,test
children32,0,https://www.bilibili.com/video/BV1VJ4m177x1/?spm_id_from=333.337.search-card.all.click&vd_source=6374cb49b8a20f29e86ab9de12471afa,河南女幼儿师殴打虐待5岁留守男孩,train
children33,0,https://www.bilibili.com/video/BV1VF411k7W7/?spm_id_from=333.337.search-card.all.click&vd_source=6374cb49b8a20f29e86ab9de12471afa,如何正确引导孩子面对“校园暴力”,test
children34,0,https://www.bilibili.com/video/BV1gt4y167Fo/?spm_id_from=333.337.search-card.all.click&vd_source=6374cb49b8a20f29e86ab9de12471afa,「童年无阴影系列」小朋友在幼儿园惹事？打架？看看这位妈妈怎么处理的！,test
children35,0,https://www.bilibili.com/video/BV1E54y1D7xV/?spm_id_from=333.337.search-card.all.click&vd_source=6374cb49b8a20f29e86ab9de12471afa,儿童版“非暴力沟通”,test
children36,0,https://www.bilibili.com/video/BV1zr4y1H7pM/?spm_id_from=333.337.search-card.all.click&vd_source=6374cb49b8a20f29e86ab9de12471afa,儿童动画：沃夫家的玩具活了，还要攻击沃夫,train
children37,0,https://www.bilibili.com/video/BV1Pz4y1n7Gu/?spm_id_from=333.337.search-card.all.click&vd_source=6374cb49b8a20f29e86ab9de12471afa,如何应对自闭症儿童的暴力行为？,train
children38,0,https://www.bilibili.com/video/BV1Xz4y1K7X4/?spm_id_from=333.337.search-card.all.click&vd_source=6374cb49b8a20f29e86ab9de12471afa,厌童症？那是成年人对小孩子堂而皇之的霸凌！,train
children39,0,https://www.bilibili.com/video/BV1v84y1q7yJ/?spm_id_from=333.337.search-card.all.click&vd_source=6374cb49b8a20f29e86ab9de12471afa,幼儿园防拐课程，效果达到了，心理阴影也有了！,train
children40,0,https://www.bilibili.com/video/BV1q34y1K7b1/?spm_id_from=333.337.search-card.all.click&vd_source=6374cb49b8a20f29e86ab9de12471afa,“厌童现象”的背后！熊孩子or熊家长？,train
children41,0,https://www.bilibili.com/video/BV1hv4y1q7Rf/?spm_id_from=333.337.search-card.all.click&vd_source=6374cb49b8a20f29e86ab9de12471afa,老师打学生，还逼其下跪，家长要注意这两种暴力！,train
children42,0,https://www.bilibili.com/video/BV11y421i7UC/?spm_id_from=333.337.search-card.all.click&vd_source=6374cb49b8a20f29e86ab9de12471afa,儿童性侵每天都在发生！平均每10个人中就有1人被侵害。,train
children43,0,https://www.bilibili.com/video/BV1nr4y1b7CL/?spm_id_from=333.337.search-card.all.click&vd_source=6374cb49b8a20f29e86ab9de12471afa,“我小时候上学经常被人欺负”,train
children44,0,https://www.bilibili.com/video/BV1o24y1C7QF/?spm_id_from=333.337.search-card.all.click&vd_source=6374cb49b8a20f29e86ab9de12471afa,让你欺负小孩,train
children45,0,https://www.bilibili.com/video/BV12r421M7W8/?spm_id_from=333.337.search-card.all.click&vd_source=6374cb49b8a20f29e86ab9de12471afa,国外惊现洗车童工！好可爱的纸尿裤打工仔,test
children46,0,https://www.bilibili.com/video/BV17t4y1y7Dk/?spm_id_from=333.337.search-card.all.click&vd_source=6374cb49b8a20f29e86ab9de12471afa,全球仍有1.52亿童工，几乎所有行业都有童工,train
children47,0,https://www.bilibili.com/video/BV1a94y1d7z2/?spm_id_from=333.337.search-card.all.click&vd_source=6374cb49b8a20f29e86ab9de12471afa,童星算童工吗,train
children48,0,https://www.bilibili.com/video/BV1DU4y1e7o7/?spm_id_from=333.337.search-card.all.click&vd_source=6374cb49b8a20f29e86ab9de12471afa,美国童工每周劳作或达72小时,train
children49,0,https://www.bilibili.com/video/BV1gi4y1x7wt/?spm_id_from=333.337.search-card.all.click&vd_source=6374cb49b8a20f29e86ab9de12471afa,影像记录：被剥削的童工,test
children50,0,https://www.bilibili.com/video/BV1uL4y1F7Eh/?spm_id_from=333.337.search-card.all.click&vd_source=6374cb49b8a20f29e86ab9de12471afa,企业雇佣童工 会受到什么处罚?,train
children51,0,https://www.bilibili.com/video/BV11e4y1e7Jc/?spm_id_from=333.337.search-card.all.click&vd_source=6374cb49b8a20f29e86ab9de12471afa,一百多年前英国童工的悲惨生活，很多因工作丧命或终身残疾,test
children52,0,https://www.bilibili.com/video/BV13d4y1D7hQ/?spm_id_from=333.337.search-card.all.click&vd_source=6374cb49b8a20f29e86ab9de12471afa,美国童工问题触目惊心,train
children53,0,https://www.bilibili.com/video/BV1QS4y1P7kJ/?spm_id_from=333.337.search-card.all.click&vd_source=6374cb49b8a20f29e86ab9de12471afa,蜜雪冰城门店违法使用15岁女童工被罚，涉事门店：当时想帮她,train
children54,0,https://www.bilibili.com/video/BV11z421C7hb/?spm_id_from=333.337.search-card.all.click&vd_source=6374cb49b8a20f29e86ab9de12471afa,实录100多年前的英国童工，3岁工作却大多活不到成年，可怜极了！,train
children55,0,https://www.bilibili.com/video/BV1KZ4y127bF/?spm_id_from=333.337.search-card.all.click&vd_source=6374cb49b8a20f29e86ab9de12471afa,被解救出来的蜜雪冰城女童工，后续生活将何去何从,train
children56,0,https://www.bilibili.com/video/BV1iS421A7AU/?spm_id_from=333.337.search-card.all.click&vd_source=6374cb49b8a20f29e86ab9de12471afa,采访手机回收员“cc”，童工居然这么可爱？！,test
children57,0,https://www.bilibili.com/video/BV1RK411D7if/?spm_id_from=333.337.search-card.all.click&vd_source=6374cb49b8a20f29e86ab9de12471afa,咨询一下，这算雇佣童工么,train
children58,0,https://www.bilibili.com/video/BV1nM411n7KE/?spm_id_from=333.337.search-card.all.click&vd_source=6374cb49b8a20f29e86ab9de12471afa,美国多个州为缓解劳动力短缺 拟开放雇佣童工,test
children59,0,https://www.bilibili.com/video/BV11a4y1G74g/?spm_id_from=333.337.search-card.all.click&vd_source=6374cb49b8a20f29e86ab9de12471afa,雇佣童工，最小只有10岁！美国麦当劳特许经营商被罚约147万元,train
children60,0,https://www.bilibili.com/video/BV1B64y1j7QY/?spm_id_from=333.337.search-card.all.click&vd_source=6374cb49b8a20f29e86ab9de12471afa,“美国人不歧视我，只有华人歧视我，因为我是清洁工”,train
children61,0,https://www.bilibili.com/video/BV17x4y1p7j5/?spm_id_from=333.337.search-card.all.click&vd_source=6374cb49b8a20f29e86ab9de12471afa,这算...童工雇佣吗?,test
children62,0,https://www.bilibili.com/video/BV16uYCeaEMa/?spm_id_from=333.337.search-card.all.click&vd_source=6374cb49b8a20f29e86ab9de12471afa,16岁触电身亡，是否属于童工，企业能否招聘？,train
children63,0,https://www.bilibili.com/video/BV1uN41167fQ/?spm_id_from=333.337.search-card.all.click&vd_source=6374cb49b8a20f29e86ab9de12471afa,美国雇佣童工“合法化”？时光倒退十九世纪末？,train
children64,0,https://www.bilibili.com/video/BV1gJ4m1M77f/?spm_id_from=333.337.search-card.all.click&vd_source=6374cb49b8a20f29e86ab9de12471afa,儿童安全知识竞答，据说没有人能闯到最后一关！,train
children65,0,https://www.bilibili.com/video/BV1HE4m1R7M8/?spm_id_from=333.337.search-card.all.click&vd_source=6374cb49b8a20f29e86ab9de12471afa,两千以下的儿童安全座椅到底能不能买？ 最全攻略，带你从安全认证，椅身支撑，缓冲，阻燃，各价位告诉你怎么选,train
children66,0,https://www.bilibili.com/video/BV1Ss411t7aa/?spm_id_from=333.337.search-card.all.click&vd_source=6374cb49b8a20f29e86ab9de12471afa,儿童安全用药的广告,train
children67,0,https://www.bilibili.com/video/BV1zp421d7uw/?spm_id_from=333.337.search-card.all.click&vd_source=6374cb49b8a20f29e86ab9de12471afa,儿童安全无小事切莫大意，做好未成年安全宣导及看护！,train
children68,0,https://www.bilibili.com/video/BV1oy411i7qc/?spm_id_from=333.337.search-card.all.click&vd_source=6374cb49b8a20f29e86ab9de12471afa,果然！没有一个男人能逃得过儿童心理学…,train
children69,0,https://www.bilibili.com/video/BV17Q4y1i7dn/?spm_id_from=333.337.search-card.all.click&vd_source=6374cb49b8a20f29e86ab9de12471afa,为什么小时候越乖、越懂事的孩子，成年后心理问题越多？,train
children70,1,###Privacy Limitation###,###Privacy Limitation###,test
children71,1,https://www.bilibili.com/video/BV19Z421e7pj/?spm_id_from=333.337.search-card.all.click&vd_source=6374cb49b8a20f29e86ab9de12471afa,女孩被长期校园霸凌 看到最后太解气了 #拒绝网络暴力 #拒绝校园暴力 #周冬雨,train
children72,1,https://www.bilibili.com/video/BV13N411u76x/?spm_id_from=333.337.search-card.all.click&vd_source=6374cb49b8a20f29e86ab9de12471afa,反对校园暴力新片《以暴制暴》正式上线,train
children73,1,https://www.bilibili.com/video/BV1PC4y1T7qn/?spm_id_from=333.337.search-card.all.click&vd_source=6374cb49b8a20f29e86ab9de12471afa,拒绝校园暴力…,train
children74,1,https://www.bilibili.com/video/BV1Hu4y1J77k/?spm_id_from=333.337.search-card.all.click&vd_source=6374cb49b8a20f29e86ab9de12471afa,杜绝校园霸凌,train
children75,1,https://www.bilibili.com/video/BV1aM4m1y7kr/?spm_id_from=333.337.search-card.all.click&vd_source=6374cb49b8a20f29e86ab9de12471afa,“不是像校园暴力 那就是校园暴力”,train
children76,1,https://www.bilibili.com/video/BV1hN411i7qa/?spm_id_from=333.337.search-card.all.click&vd_source=6374cb49b8a20f29e86ab9de12471afa,校园霸凌？不存在的！看狠人如何反击！,train
children77,1,https://www.bilibili.com/video/BV1g94y157wz/?spm_id_from=333.337.search-card.all.click&vd_source=6374cb49b8a20f29e86ab9de12471afa,校园霸凌真的太可怕了,train
children78,1,https://www.bilibili.com/video/BV1Pg411e7vS/?spm_id_from=333.337.search-card.all.click&vd_source=6374cb49b8a20f29e86ab9de12471afa,你 们 没 杀 过 人 吧 【反校园霸凌·玫瑰少年】,train
children79,1,https://www.bilibili.com/video/BV1xz4y1e7wn/?spm_id_from=333.337.search-card.all.click&vd_source=6374cb49b8a20f29e86ab9de12471afa,男生制止校园霸凌遭辱骂，施暴者还有两副面孔！,test
children80,1,###Privacy Limitation###,###Privacy Limitation###,train
children81,1,https://www.bilibili.com/video/BV1Lu4y1D78V/?spm_id_from=autoNext&vd_source=6374cb49b8a20f29e86ab9de12471afa,孩子一定要该打打，该骂骂，千万别信鼓励教育！,train
children82,1,https://www.bilibili.com/video/BV1SK4y1P7BX/?spm_id_from=autoNext&vd_source=6374cb49b8a20f29e86ab9de12471afa,幼儿园一位没有幼师资格证的班主任虐待孩子：骑坐身上，将孩子带进厕所打耳光,test
children83,1,https://www.bilibili.com/video/BV1ae411h7A7/?spm_id_from=333.337.search-card.all.click&vd_source=6374cb49b8a20f29e86ab9de12471afa,如果你也会暴力对待孩子，请看看这个小短片。,train
children84,1,https://www.bilibili.com/video/BV1964y197rw/?spm_id_from=333.337.search-card.all.click&vd_source=6374cb49b8a20f29e86ab9de12471afa,《完美受害人》高口碑加持显长尾效应 曝揪心片段关注儿童暴力困境,test
children85,1,https://www.bilibili.com/video/BV1Zz4y15748/?spm_id_from=333.337.search-card.all.click&vd_source=6374cb49b8a20f29e86ab9de12471afa,欺负儿童,test
children86,1,https://www.bilibili.com/video/BV1xQ4y1H7c6/?spm_id_from=333.788.recommend_more_video.2&vd_source=6374cb49b8a20f29e86ab9de12471afa,欺负小孩子,train
children87,1,https://www.bilibili.com/video/BV1i6pZe3E66/?spm_id_from=333.337.search-card.all.click&vd_source=6374cb49b8a20f29e86ab9de12471afa,家长无能 孩子活该被欺负？,train
children88,1,https://www.bilibili.com/video/BV17Q4y1D7fX/?spm_id_from=333.337.search-card.all.click&vd_source=6374cb49b8a20f29e86ab9de12471afa,当心那些心理变态的坏人！免得毁了孩子的一生,test
children89,1,https://www.bilibili.com/video/BV1q4411T7ah/?spm_id_from=333.337.search-card.all.click&vd_source=6374cb49b8a20f29e86ab9de12471afa,震惊，12岁叛逆小学生竟挥拳向母！,train
children90,1,https://www.bilibili.com/video/BV1SC4y1U7By/?spm_id_from=333.337.search-card.all.click&vd_source=6374cb49b8a20f29e86ab9de12471afa,你家孩子……有没有“被欺负的命”？,test
children91,1,https://www.bilibili.com/video/BV1Qc411q7An/?spm_id_from=333.337.search-card.all.click&vd_source=6374cb49b8a20f29e86ab9de12471afa,直接不要工资了，给他举报了，说他用童工罚他几万,train
children92,1,https://www.bilibili.com/video/BV1AW4y1773f/?spm_id_from=333.337.search-card.all.click&vd_source=6374cb49b8a20f29e86ab9de12471afa,人贩子合谋拐骗小孩#儿童安全 #防拐 #防范意识 #聪明的孩子,train
children93,0,https://www.bilibili.com/video/BV15t4y1m7yZ/?spm_id_from=333.337.search-card.all.click&vd_source=6374cb49b8a20f29e86ab9de12471afa,世界各国是如何严惩虐待儿童的恶棍的？,train
children94,0,https://www.bilibili.com/video/BV1dm4y1p7gj/?spm_id_from=333.337.search-card.all.click&vd_source=6374cb49b8a20f29e86ab9de12471afa,美国有没有拐卖儿童？,train
children95,0,https://www.bilibili.com/video/BV15y411B78U/?spm_id_from=333.337.search-card.all.click&vd_source=6374cb49b8a20f29e86ab9de12471afa,太惊悚了！坚决抵制“小孩帝国”！,train
children96,0,https://www.bilibili.com/video/BV1uZVeeuEs3/?spm_id_from=333.337.search-card.all.click&vd_source=6374cb49b8a20f29e86ab9de12471afa,【小学生谈“讨厌的大人”】你是孩子眼中“讨厌的大人”吗？,train
children97,0,https://www.bilibili.com/video/BV1iF4m1j7ed/?spm_id_from=333.337.search-card.all.click&vd_source=6374cb49b8a20f29e86ab9de12471afa,十五年班主任经验：这类天才儿童最容易被现行教育当蠢材埋没，家长们千万别亲手毁了自家的苗！,train
children98,0,https://www.bilibili.com/video/BV1CW411Y7Fy/?spm_id_from=333.337.search-card.all.click&vd_source=6374cb49b8a20f29e86ab9de12471afa,法国一幼儿园竟教孩子唱“辱华儿歌”，长达十余年！,train
children99,0,https://www.bilibili.com/video/BV1Bv4y1S7YW/?spm_id_from=333.337.search-card.all.click&vd_source=6374cb49b8a20f29e86ab9de12471afa,儿童心理师｜常说这句话让孩子自信爆表,test
children100,0,https://www.bilibili.com/video/BV1Qh4y1V79V/?spm_id_from=333.337.search-card.all.click&vd_source=6374cb49b8a20f29e86ab9de12471afa,人们真的越来越“厌童”了吗？,train
children101,0,https://www.bilibili.com/video/BV1sm4y1x7gR/?spm_id_from=333.337.search-card.all.click&vd_source=6374cb49b8a20f29e86ab9de12471afa,避免孩子性早熟，这5件事打死都别做,train
children102,0,https://www.bilibili.com/video/BV1564y1z7Lw/?spm_id_from=333.337.search-card.all.click&vd_source=6374cb49b8a20f29e86ab9de12471afa,太惨了！这个国家居然这么对待儿童,train
children103,0,https://www.bilibili.com/video/BV15r4y1x7Ka/?spm_id_from=333.337.search-card.all.click&vd_source=6374cb49b8a20f29e86ab9de12471afa,净化社会文化环境 关爱未成年人健康成长,test
children104,0,https://www.bilibili.com/video/BV1Q14y1r79S/?spm_id_from=333.337.search-card.all.click&vd_source=6374cb49b8a20f29e86ab9de12471afa,上海多名幼童疑遭虐待事件！（新闻扩散！）,train
children105,0,https://www.bilibili.com/video/BV1um4y1F7QA/?spm_id_from=333.337.search-card.all.click&vd_source=6374cb49b8a20f29e86ab9de12471afa,家长必须要知道的儿童心理。,train
children106,0,https://www.bilibili.com/video/BV1Dz4y1f7hW/?spm_id_from=333.337.search-card.all.click&vd_source=6374cb49b8a20f29e86ab9de12471afa,政府将负责遭性侵女童全部费用，父母：感谢好心人,test
children107,0,https://www.bilibili.com/video/BV1AZ4y1P7z6/?spm_id_from=333.337.search-card.all.click&vd_source=6374cb49b8a20f29e86ab9de12471afa,代表建议儿童防性侵教育纳入必修：教材的设计要经过专家讨论,train
children108,0,https://www.bilibili.com/video/BV1Q54y1F7cD/?spm_id_from=333.337.search-card.all.click&vd_source=6374cb49b8a20f29e86ab9de12471afa,美国幼儿园的快乐教育，让孩子可以健康成长，是一个领先世界的教育模式,train
children109,0,https://www.bilibili.com/video/BV19a411j7uT/?spm_id_from=333.337.search-card.all.click&vd_source=6374cb49b8a20f29e86ab9de12471afa,儿童和青少年注意了,train
children110,0,https://www.bilibili.com/video/BV1XJ4m1871E/?spm_id_from=333.337.search-card.all.click&vd_source=6374cb49b8a20f29e86ab9de12471afa,什么样的孩子更容易被霸凌？,train
children111,0,https://www.bilibili.com/video/BV18p4y1P7Vn/?spm_id_from=333.337.search-card.all.click&vd_source=6374cb49b8a20f29e86ab9de12471afa,你厌童吗？当舆论对准弱者，你是否还能清醒？,train
children112,0,https://www.bilibili.com/video/BV1bs4y1c7u7/?spm_id_from=333.337.search-card.all.click&vd_source=6374cb49b8a20f29e86ab9de12471afa,儿童会尊重他人的基本需求，知道他人不需要不必要的帮助。但是成年人经常会过度替儿童着想，不断提建议#央视力荐育儿纪录片#蒙氏育儿纪录片#蒙特梭利#启蒙早教#,test
children113,0,https://www.bilibili.com/video/BV1vp4y1k7rY/?spm_id_from=333.337.search-card.all.click&vd_source=6374cb49b8a20f29e86ab9de12471afa,邻居谈“6岁被虐女童”亲妈及其男友：在外面表现得对孩子很好，没想到这么狠心,train
children114,0,https://www.bilibili.com/video/BV1YCeje7EzL/?spm_id_from=333.337.search-card.all.click&vd_source=6374cb49b8a20f29e86ab9de12471afa,河北骑车团练小孩被撞身亡事件后续,train
children115,0,https://www.bilibili.com/video/BV17N4y1D7Q8/?spm_id_from=333.337.search-card.all.click&vd_source=6374cb49b8a20f29e86ab9de12471afa,收养五个疾病弃婴#国外生活#关爱儿童健康成长#机灵宝贝养成记,train
children116,0,https://www.bilibili.com/video/BV1Ab421J7QT/?spm_id_from=333.337.search-card.all.click&vd_source=6374cb49b8a20f29e86ab9de12471afa,这是能把我吃破产的节奏啊,train
children117,1,https://www.bilibili.com/video/BV1z44y1j76H/?spm_id_from=333.337.search-card.all.click&vd_source=6374cb49b8a20f29e86ab9de12471afa,【70】这拐卖儿童的新套路真的让人害怕！,train
children118,1,https://www.bilibili.com/video/BV19i421m7Ny/?spm_id_from=333.337.search-card.all.click&vd_source=6374cb49b8a20f29e86ab9de12471afa,中国可以没有小孩但不能没有游戏,test
children119,1,https://www.bilibili.com/video/BV1HF4m177fZ/?spm_id_from=333.337.search-card.all.click&vd_source=6374cb49b8a20f29e86ab9de12471afa,被吼大的孩子会有哪些性格缺陷？,train
children120,1,https://www.bilibili.com/video/BV1F4411R7RK/?spm_id_from=333.337.search-card.all.click&vd_source=6374cb49b8a20f29e86ab9de12471afa,厌童癖不止我一个人吧,train
children121,1,https://www.bilibili.com/video/BV1Mo4y1g7na/?spm_id_from=333.337.search-card.all.click&vd_source=6374cb49b8a20f29e86ab9de12471afa,费尽一生心血养个傻的，还有必要尽心尽力吗,test
children122,1,https://www.bilibili.com/video/BV1sz4y1b7af/?spm_id_from=333.337.search-card.all.click&vd_source=6374cb49b8a20f29e86ab9de12471afa,严重智力障碍伴随终身，16岁了只能傻吃傻玩，付出再多心血都别想教会她自理，心都碎了。,train
